1,Izzan,RO
1,Yatmin,R
1,Dizy,R
1,Hijrah,R
1,As Boba,R
1,Bunda Ain,R
1,Karomah,RO
1,Asia,R
1,Suwarni,R
1,Berkah,RO
1,Mataram,RO
1,Anisa,RO
1,Festi,RO
1,Cik Ning,R
1,Bu Nur,RO
1,Pak Muh,RO
1,Bambang,R
1,Prima,RO
1,Toko Arrohman,RO
1,Murah Barokah,RO
1,GM Sembako,R
1,Bagos,R
1,Payem,R
1,Mitra Dwima,RO
1,Bu Ngadirah,RO
1,Rian,RO
1,WM Rizki,RO
1,Marsudi,R
1,Taminah,R
1,NH Jaya,R
1,Klasik,R
1,Tk Alif,R
1,Win Mart,R
1,Wijaya 2,RO
2,Titi,R
2,Slamet,R
2,Mutiara,RO
2,Maryono,RO
2,Berkah Jaya,RO
2,Sumber Rejeki,RO
2,Parjo,R
2,Zaifur,RO
2,PROCelon,RO
2,Barokah,RO
2,Tujirah,RO
2,Moci,R
2,Sidomuncul,RO
2,Wijaya,RO
2,Burjo Pak Supri,RO
2,Bu Parti,RO
2,Zaki,RO
2,Sederhana,R
2,Karomah,IO
3,Leo 3,RO
3,Rizki 2,RO
3,Samsu,R
3,Mosi mosi,RO
3,Ida,R
3,Arra cell,RO
3,Bu Ida,RO
3,Parjo,RO
3,Barokah,RO
3,Leo 1,RO
3,Pangestu,RO
3,Bintang Laundry,RO
3,SRC Bismillah,RO
3,Inara Mart,RO
3,Tk Kita,RO
3,Uti Laundry,RO
3,Timbul,RO
3,Manja Sembako,RO
3,Genza 57,RO
3,Leo 2 . Wahid hasyim,RO
3,Sidiq,RO
3,Kafa 2,RO
3,Tian shop,RO
3,Gunung harta,R
3,Indi,R
3,Andra Wijaya 1,R
3,Putri,R
3,Anik,R
3,Deta,R
3,Hafid,ROC
3,Sellcomp,R
3,Sempulur,R
3,Catering bu entin,IO
3,Reza,IO
3,Sumber rejeki,IO
3,Reni jaya,IO
3,Arya cell,IO
3,Zubaidah,IO
3,Leo 2 perumnas,IO
4,Bringin Jaya,RO
4,Pojok,RO
4,Bu Rumi,RO
4,Gempita mart,RO
4,Gembira,R
4,Alfazza,RO
4,Dian Mart,R
4,Beauty,R
4,SRC Kucky,R
4,Berkat tama,RO
4,AHA Cell,R
4,Ardaf,R
4,Yayuk,R
4,Widaryanto,R
4,otik,R
4,Miki,R
4,Bu Susi,R
4,Deta,R
4,Cendrawasih,RO
4,Dayu Puja,R
4,Arofa,RO
4,Reyfan,R
4,Barokah store,RO
4,Bu Barjo,RO
4,Zahra,RO
4,Indo Jaya,RO
4,Riski,RO
4,Bu Santi,RO
4,Winda Jaya,RO
4,Jaya Cell,RO
4,WR Rizki,RO
4,Mbah dul,R
4,Erni,ROC
4,Minis store,ROC
4,Arofa,RO
4,Rahmad,R
4,Rama mart 2,R
4,Surabaya cell,R
4,Ungu,R
4,Rama mart 1,R
4,Walidi,R
4,Genesis,IO
4,Lala,IO
4,Warung70,IO
5,Barokah,R
5,jaya Cell,RO
5,SRC Purnomo,RO
5,Denny,R
5,Bu Marsiah,RO
5,SRC Rizky,R
5,Tami,RO
5,Yuni,R
5,Ojo Dumeh,R
5,Dwi,R
5,Pojok bu Tanto,R
5,Murah,R
5,kanva,R
5,jumiati,R
5,Khaira,R
5,narti,R
5,Jawi,R
5,Tini,R
5,Rangga,R
5,D7 Nyumarni,R
5,poniman,R
5,SRC Anisa,R
5,HNR Cell,R
5,Gito,R
5,Diah,R
5,Cahaya Mart,R
5,SRC Endang,R
5,Berkah,R
5,Zuma,R
5,Rizky,R
5,Bunda Ayu,R
5,Herman,ROC
5,Toko 798,R
5,Mawar cell,R
5,Prapatan,R
5,Regal,R
5,Wulanesia,ROC
5,Wati,R
5,Mujilah,R
5,Rama mart,R
5,Naswatul alifa,R
5,Barokah jaya,ROC
5,Bu indrati,R
5,Rizky,ROC
5,Bunda ayu,ROC
5,E3,R
5,Toserba albarokah,R
5,Giyah,R
5,Umi mart,R
5,Rahmad andika,R
5,Bu slamet,R
5,Bu Sri,R
5,Rini,R
5,Adit bela,IO
5,Src mey,IO
5,Sa'adah,IO
5,Src anisa,IO
6,Dua Saudara,R
6,Er sembako,R
6,Ada mart,RO
6,Afran,R
6,Pak Totok,R
6,SRC Gino,R
6,Mbah Pardi,R
6,Tk Mbah,R
6,Mingun,R
6,Wawan,R
6,Gombloh,R
6,Siti,R
6,Siren,R
6,Sum,RO
6,purnomo,R
6,Alif,R
6,Barokah,R
6,Merpati,R
6,Dani,RO
6,Mila 1,R
6,AR toko,R
6,Sembako madura,R
6,Nisal,R
6,Adilia mart,R
6,SRC Jasmine,R
6,Bu Harto,RO
6,Agoes,R
6,Asli Sembako,R
6,Bu Rub,R
6,Mini,RO
6,Fanaya,R
6,Ismail,R
6,Ada mart,ROC
6,Berkah ilahi,R
6,Makmur,R
6,Bu bekti,R
6,Sembako madura,R
6,Src rahmat,R
6,Src WK,R
6,Mila2,R
6,17 mart,R
6,Bu parno,R
6,AAF,R
6,Permata,R
6,Adi1,IO
6,Catering bu entin / 3,RO
6,Mbak atik,IO
7,Naufal,RO
7,Sepudi jaya,R
7,Mahasiswa,RO
7,ceria,R
7,Langgeng,R
7,desi,R
7,Pandu putra,R
7,Yak muni,R
7,Wawan,R
7,Fahri Barokah,R
7,Hasilono,R
7,Dns,R
7,Tari,R
7,Beny,R
7,Afifah 1,RO
7,Dea,RO
7,Bu Ipar,RO
7,Istiqomah 4 / Nadaku,RO
7,Pojok gejayan,R
7,Deby,R
7,Dedyo,R
7,Rama,RO
7,Sembako Rahmat,RO
7,Awan,R
7,kevin,R
7,Sanjaya,R
7,Ridho 2,RO
7,Dani,RO
7,Afifah2,R
7,Sembako SR,R
7,Sri jaya,RO
7,Djaya,R
7,Rama mart 7,R
7,Zubaidi,R
7,Sembako sumeh,RO
7,Rama mart 2,ROC
7,Naka yoshi,R
7,Fajar,R
7,Aneka jaya,R
7,Winarni,R
7,Agus,R
7,Rahayu,R
7,Kurnia baru,R
7,Ridho4,R
7,Karomah,R
7,Yuni,R
7,Bu cipto,IO
7,Fahri,IO
8,Devi,R
8,Harsudi,RO
8,Valentine,RO
8,SRC Bu Nur,RO
8,Ridho 1,RO
8,Lestari,R
8,Restu,R
8,Wina,R
8,Lilik Cell,R
8,Ridho 5,RO
8,Bayu,R
8,Rahayu,RO
8,Alfatih,RO
8,partini,R
8,Nadera,R
8,Pojok,RO
8,Bu Is,R
8,Bu Haryati,R
8,SRC Pungky,RO
8,Gendhut cell,R
8,Khakha,RO
8,Sembako lia,RO
8,Riyanto,R
8,istiqomah,RO
8,SRC Agatha,R
8,Putra,R
8,Rix Cell,R
8,Bumi Market,RO
8,Dewi,R
8,Angkringan Pagi,RO
8,Grestro,RO
8,Birru,IO
8,Pak Warno,R
8,Ika,R
8,Mbah rumi,R
8,Deaswara,R
8,Khakha,RO
8,Anik,R
8,Jaya,R
8,Bu puji,RO
8,Pungky,ROC
8,Sumirah,R
8,Pak rani,R
8,Sarmijoss,ROC
8,Abim,IO
8,Kios sely,IO
8,Rizky rangiro,IO
8,Mila,IO
8,Gendut cell,IO
8,Kisno,IO
8,Haryani,IO
8,Sumarmi,IO
9,Lestari,R
9,Luna Cell,RO
9,Karin laundry,RO
9,Jumilah,RO
9,SRC Haryadi,RO
9,SRC Rumiyati,R
9,Nadira,R
9,Tk Anazila,R
9,SRC Herbamed,RO
9,Cahaya pelangi,R
9,Sangadi,RO
9,Vino,R
9,Nuren,RO
9,Bibit,RO
9,Selaras,RO
9,Joni,RO
9,Basuki,RO
9,Mbah Midi,RO
9,kembar,RO
9,Ninik,RO
9,Putra Sahaja,RO
9,Tutik,RO
9,ABS,RO
9,Sembako Madura,RO
9,Salsabila,RO
10,Guna mart,R
10,Avina,R
10,Bu kidi,R
10,Wulan,R
10,Sayur segar,R
10,parjiyem,R
10,SRC Sri Rejeki,R
10,Badawi,R
10,An Nur,R
10,Tk Safa,R
10,Sahabat,R
10,Tk Alif,RO
10,Bu Yung,RO
10,Surya,R
10,Sumber Rejeki,R
10,Wulandari,R
10,B 29 Anggi,RO
10,Kios 22,R
10,Asri,RO
10,Mbah Kijo,R
10,Pojok,R
10,Asyva,RO
10,Sembako Galileo,IO
11,Ijo pitu,R
11,Beti,R
11,Danis,RO
11,Reza,R
11,Putri,R
11,Barokah,R
11,Pall gori,R
11,Y Cell,R
11,Wr Cilik,R
11,Mbah rejo,RO
11,Rafif,RO
11,Bu Yumarty,R
11,Rafif,RO
11,Mbok moro ,IO
12,Jas Sembako,RO
12,Dua Saudara,R
12,Babibo,R
12,Karunia,RO
12,SRC Purwanti,R
12,kamti,R
12,Bu Prapto,RO
12,Amanah,RO
12,Green,R
12,Sabrina,R
12,Makmur,R
12,Tk El,R
12,Nada,R
12,Mbah Uti,R
12,Barokah Madura,R
12,Dise,RO
12,Bu Narno,RO
12,SRC Inah Jaya,R
12,Gita,R
12,barokah,RO
12,Yuni,RO
12,Dwi Manunggal,RO
12,Kinasih,R
12,Agung,R
12,Khafa 5,R
12,Ris Sembako,RO
12,Naluri,R
12,Carissa Jaya,R
12,Bro Cell,R
12,Bu wati,R
12,SRC Swa sembako,R
12,Suriah,R
12,Siti,R
12,Subur Laris,RO
12,SRC Lis,R
12,Nayla,RO
12,Pakde Gito,R
12,Sinar dua,IO
13,Murah,RO
13,Mutiara Jog,R
13,New Mutiara,R
13,Wr Pak gondrong,R
13,Bang Jay,R
13,Warungku,R
13,Emi,R
13,Oscar,R
13,Arka,RO
13,Diah,R
13,Itiga mart,RO
13,kenken ku,R
13,Neorita,R
13,Donny 2,R
13,Trio Aba,RO
13,Bayu,R
13,Bu Purwanti,R
13,A & Z,R
13,Fera,RO
13,Kiki,R
13,Kenanga,R
13,Rohim,R
13,Berkah,R
13,Aurel,R
13,BROCo,IO
13,Arji,R
14,Bu Iin,RO
14,Bayu,R
14,Beladyva,R
14,pak Kirman,R
14,Hadi,R
14,Farel,R
14,Mabruri,RO
14,Ilham Mart,RO
14,Harni,R
14,Bintang,RO
14,Balqis,R
14,Mercy,R
14,Hurin Cell,R
14,barokah,R
14,siti,R
14,Asri,R
14,Muji,R
14,ART Tembakau,RO
14,Tolak faisin,R
14,Madura,R
14,Anggrek,R
14,Tema,R
14,Rita,R
14,Amelia,IO
14,Erni,R
14,Dendia,R
14,Danar jaya,IO
15,Zama,R
15,HRC,R
15,Haikal,R
15,Rene wae,RO
15,Dika,RO
15,Burjo nopik,R
15,Istiqomah,R
15,Assyfa,RO
15,Purwanti,R
15,Kalista,R
15,Bu Yati,R
15,Damar jaya,RO
15,Wartini,R
15,Nizam,R
15,Jazim,R
15,Niken,R
15,Rafi,R
15,Bambang,R
15,Istilah,R
15,Adi,R
15,Giyanto,R
15,Khanza,R
15,Gilang,R
15,Abimanyu,R
15,Asha,IO
15,Siti,R
15,Herby,R
15,Oma,RO
15,Ahzaini,R
16,Melia,R
16,Atta,R
16,Parno,R
16,Rara,R
16,keyla,RO
16,Barokah,RO
16,Vanesa,RO
16,Asta,RO
16,Naysa,R
16,Ilham,R
16,helmi,R
16,Mandiri berkah,R
16,Mba Yuli,R
16,Gicera,R
16,RS Cell,RO
16,Bu Dukuh,R
16,Noplex,R
16,SRC Bari,R
16,Tia,R
16,Basri,R
16,Irma,R
17,Inem,R
17,NN,RO
17,poinah,RO
17,Bu udin,R
17,Sembako wijaya,R
17,Bu bROCo,RO
17,Bu Wiwin,RO
17,Sondez,RO
17,Tk wahyu,RO
17,Surya jaya,R
17,oki,RO
17,Ella,RO
17,kranggan,R
17,Didik,R
17,Barokah,R
17,Muryani,R
17,fatim,R
17,Etik,R
17,Sunardi,R
17,SRC novi,R
17,pak sri,R
17,Adip ilham,RO
17,Isa,RO
17,Assifa,RO
17,Rene wae,RO
17,Dika,RO
17,Nizam,RO
17,Rita,RO
18,Reyhan Mart,R
18,Tama,R
18,Sam jaya,R
18,Anggi,R
18,Damar,R
18,Mandiri Bola,R
18,Dinar,R
18,Surat,R
18,Dika,R
18,SRC berkah,R
18,Joko,R
18,Jaelani,R
18,Anisa,R
18,Bu wahyu,R
18,Bu win,R
18,Sugiati,R
18,Sukirman,R
18,bu Marti,RO
18,Lestari,RO
18,Bening cahaya,R
18,Tiki,R
18,GE Cell,RO
18,Rangga,R
18,kembar,R
18,Sigit,R
18,Novi,R
18,Idjo,RO
18,Kobe,R
18,Alya,RO
18,Gito,RO
18,Barokah mart,IO
18,Suharto,R
18,Priyo,RO
18,Utami,RO
19,Sumarjono,R
19,HDS,R
19,Bu jam,R
19,Mba Vera,R
19,Suparni,R
19,Sembako 99,R
19,Sage Jaya,R
19,Aldiva,R
19,Bu yani,R
19,Daliman,R
19,tk Tari,RO
19,Citra,R
19,Nisa,R
19,Danik,RO
19,Madura,R
19,pak solikin,R
19,pak warso,R
19,Bu surati,R
19,Madani mart,R
19,Tk Agus,R
19,Rio,R
19,He Mart,RO
19,Indah,R
19,Bu Ari,R
19,Budi,R
19,Raffi,R
19,Mba Lis,RO
19,Sauna,R
19,Jox C,R
19,Sri Mulyo,R
19,Yani,R
19,Pak Kasur,R
19,Kemara,RO
19,Pak Kelik,R
19,harun,R
19,Dania,R
19,Kuni,R
19,Kholifah,RO
19,Bu Arum,R
19,Barokah,R
19,Anis,R
19,Susiawan,R
19,Florent,RO
19,Bu Nur,R
19,Watik,R
19,Rita,RO
19,Aisah,ROC
19,Irah,RO
19,Bugis,R
19,Ayu,R
19,Sarjio,RO
20,Tk Pojok,R
20,Wr Satriakar,R
20,Tk Joko,R
20,Bu tarti,R
20,Parjo,R
20,Siantar,R
20,Bu siti,R
20,barokah,R
20,kamila,R
20,Kios kita,R
20,kurnia,R
20,Lita,R
20,Wr Tukiyem,R
20,Dewa,R
20,Tk Sukses,R
20,Tk Arjuna,R
20,Pak marjo,R
20,Bu Atun,RO
20,Zaqi,R
20,Laris Abadi,RO
20,Tiara,R
20,Isha,R
20,berkah Sembako,R
20,Tk can,R
20,Ega,R
20,Bu Emi,R
20,Bu Ing,R
20,Tk Barokah,R
20,Haryono,R
20,Tikungan watu ngadek,R
20,Rita,RO
20,Dira,R
20,Navila,R
20,Bu In,R
20,Bu Warno,RO
20,Sego  wader,R
20,Waryanti,R
20,Kedai Jus Etan,RO
20,Parjilah,R
20,ferlia,R
20,Adha,RO
20,Sri widayati,R
20,Sukadi,R
20,Sapto,RO
20,Asyifa,R
20,Suradi,R
20,Sugito,R
20,Putra mandiri,IO
20,Siti,IO
20,Sinar barokah,R
20,Opak mart,R
20,Muryani,R
20,Kris,R
21,Adira,RO
21,Pak Slamet,R
21,Bu ida,R
21,Tanjung,R
21,Farid,R
21,Pak Mardi,RO
21,Mas edi,RO
21,Endang,R
21,Al Barokah Nizar 2,R
21,Budi Moplas,R
21,Ngatijo,R
21,Jumiyo,R
21,Bu Ayu,R
21,Rahmat,R
21,Sumber Barokah,RO
21,Putri Dania,R
21,Kholifah,RO
21,lia,R
21,Wanti,R
21,DD,R
21,Samodro,R
21,Agung,R
21,Erna,RO
21,Beny 2,R
21,Navila,R
22,Gotri,R
22,Anis,RO
22,Ismail,R
22,Bu Ning,RO
22,Sultan Jaya,RO
22,Candi jaya,R
22,Yuli pendem,RO
22,Bu Supar,R
22,Fina,RO
22,KK,RO
22,Bu Noto,R
22,Bu Ning,RO
23,Bu Mardinah,R
23,Tk Alif,RO
23,Rama Mart 5,RO
23,Dhe Sar,R
23,Ariefah,R
23,Al Barokah,RO
23,Aji,R
23,Tarno,RO
23,Eyang Putri,R
23,Iwan,R
23,Aulia,R
23,Lutfi,R
23,Eni,R
23,Wawan,R
23,Mbah jinten,R
23,Aang,R
23,Puspandi,R
23,Bu Nur,RO
23,Amin,RO
23,Pojok Agus,RO
23,Mamung Agung,RO
25,Kus,RO
25,Utama mart,RO
25,Surya,RO
25,Sinta,RO
25,Muji,STA
25,Djawa mart,RO
25,Amanda,RO
25,Taufik,RO
25,Utama,RO
25,Surono,RO
25,Anjani,RO
25,Biova,STA
25,Haryono,RO
25,Pujo,RO
25,Bintang,RO
25,Muji,RO
25,Ellan,RO
25,Aldito,RO
25,Lestari,RO
25,Joss Cell,RO
26,Yafa,RO
26,Yuni,RO
26,Malaysiati,RO
26,Adam cell,RO
26,Sudut,RO
26,Dian,RO
26,Wahyu,STA
26,Darinto,RO
26,Pojok tugu,RO
26,Sifa,RO
26,Ragil mandiri,RO
26,Yafa,RO
26,Qta mart,RO
26,Naga mas,RO
26,Alya,RO
26,Minie,RO
26,Cerry,RO
26,Amelda,RO
26,Hartini,RO
26,MM,R
26,Langgeng,R
26,Sumbar,R
26,Elisa,R
26,Aisyah,R
26,Siti,RO
27,Royan,RO
27,Inem,RO
27,Mujilah,RO
27,Suharjo,RO
27,Winarti,STA
27,Haryati,RO
27,Faris,IO
27,Yoto,RO
27,Bu is,RO
27,An nasr,RO
27,Berkah cell,RO
27,Afandi,RO
27,Suhadah,RO
27,Migunani,RO
27,Putri,RO
27,Citra,RO
27,Anugrah,RO
27,Dea,RO
27,Amoeba,RO
27,Santri,RO
27,Fanadi,RO
27,Anissa,RO
28,Yuni,R
28,Erlan,R
28,Bu Tri,R
28,Istiqomah,R
28,Talita,R
28,Yono,R
28,Purnomo,R
28,Agus,R
28,SRC BARU,R
28,Day Mart,R
28,Mukti,RO
28,Pojok,RO
28,Sarmoyo,RO
28,Martoyo,RO
28,Lestari,RO
28,Moro Tresno,R
28,Heni,R
28,Surono,R
28,Martoyo,R
28,Lestari Anugrah,R
28,Srimartoyo mart,R
29,Mbah Sri,R
29,Lek ji,RO
29,Candra,R
29,Adip Ilham,R
29,Wahyu,R
29,Asih,RO
29,Mustofa,RO
29,Kembar,RO
29,Bu rumini,RO
29,Berkah,RO
29,Rizky raffi,RO
29,AlfaAku,RO
29,Jaya putri,RO
29,Salmi,R
29,Rahmawati,R
29,Mustofa,R
29,Intan Rejeki,R
29,Bu Sur,R
29,Andin,R
29,Putri,R
29,Sarinem,RO
29,Arum,RO
29,Sutardi,RO
29,Wagiman,RO
29,Sardi,RO
29,Suti,RO
30,New Normal,R
30,Miyati,R
30,Djaelani,R
30,Sari,R
30,Gea,R
30,Sumardi,RO
30,Wik,R
30,Priyo,RO
30,Zahra,R
30,Abah,RO
30,Bu arum,RO
30,Sarinem,RO
30,Sutardi,R
30,Solusi,R
30,Partinah,R
30,Endang,R
30,Sardi,R
30,Alvino,R
30,didik,R
30,Utami,RO
31,Ilham mart,RO
31,Pak kumis,R
31,Sania,R
31,Asiah,R
31,Aldiva,R
31,Irah,R
31,Tukiyem,R
31,Martoyo,RO
31,Yunarto,RO
31,Hadi,RO
31,Sarjio,RO
31,Rita,RO
31,Izza,RO
31,Final,R
31,Capcin,R
31,Eksaka,R
31,Tri,R
31,Triyanti,R
31,Yoyok,R
31,Radza,R
31,Tin,R
31,Ida,R
31,Anas,R
31,Mulyono,R
31,Azza,R
31,Afin,R
32,Tk sapto,RO
32,M-camilan,R
32,Kita,R
32,adha,RO
32,MKS,R
32,Sri Widayati,RO
32,Bu iin,R
32,Siti,R
32,Dion Cell,R
32,Sungkono,RO
32,Surya jaya,RO
32,Susi,RO
32,Slamet,RO
32,Amanah,RO
32,Gendhis ,RO
32,Bu Rum,R
32,Esti,R
32,Vika,RO
32,Ayem - ayem mart,R
32,Zahra,R
32,gati,RO
32,agung,R
32,Slamet,RO
32,Cha cha,R
32,Nisa,R
32,Suci,R
32,Nahida,R
32,Sarjio,R
32,Amanda,R
32,Supriyanti,R
32,Jum,R
33,Almeera,R
33,Aneka,R
33,Asha,R
33,Lis,R
33,Sembako berkah,R
33,An Nur,R
33,Pojok,IO
33,Boss mbako,RO
33,Nana,RO
33,Siti,RO
33,Yanti58,RO
33,Budi,RO
33,Praja,RO
33,Marman,RO
33,Bu ana,R
33,Makmur,R
33,Paijo,R
33,Nia,R
33,Eris,R
33,Bu karno,R
33,Pak no,R
33,Libra Jaya,R
34,Jinten,R
34,Bu nining,R
34,Saskia,RO
34,Kembar,R
34,Yanto,R
34,Chinta jaya,R
34,Raynard,R
34,Har,R
34,Sahka,RO
34,Mbako 88,RO
34,Sugeng,RO
34,Kadi Kamal,RO
34,Azkya,RO
34,Arya,RO
34,Pangeatu,RO
34,Ajm,RO
34,Berkah snakx,RO
34,Arfa,IO
34,Berkah sembako,RO
34,Wira,RO
34,Barokah,RO
34,Yudha,RO
34,Kanaya,R
34,Bima jaya,R
34,Rista,R
34,Supartono,R
34,Ngiras,R
34,Mbako 88,R
34,NN,R
34,Janu,R
34,Jaya cell,R
34,Bu sri,R
34,Arka,R
34,APJ,R
34,Sarinem,RO
35,Berkah,R
35,Ones,R
35,Rantau,R
35,Tugiran,R
35,Wartini / Warni,RO
35,Riyan,R
35,Sugiyarti,R
35,Nurgiyanto,R
36,Berkah,R
36,Aries,RO
36,Bu pur,R
36,Sulardi,R
36,Faiz,R
36,Salmi,R
36,Sundari,R
36,Rahma,R
36,Yanti 58,RO
36,Ais mart,RO
36,Yanti 58,RO
36,Priyo,RO
36,Taufik,RO
36,Winarti,RO
36,Bang opik,RO
36,Agus p,RO
36,Suharyati,RO
36,Kang muh,RO
36,Pahala,ROC
36,Pojok,ROC
36,Ambar,ROC
36,Zainun,ROC
36,Budiman,ROC
36,Katanya,ROC
36,Hartono,ROC
36,Martini,R
36,Marjan,R
36,Pojok,R
36,Fajar Cell,R
36,Pojok damai,R
36,Arip,R
36,Vian,R
36,Erna,R
36,Rose,R
37,sembako asa,R
37,ama,R
37,titin,RO
37,amina,RO
37,cetako,R
37,isti,RO
37,radinah,R
37,bu endang,R
37,3 putri,R
37,evan mdk,R
37,wiwit,R
37,titik,R
37,reny,RO
37,pojok,RO
37,setiabudi,R
37,ack,R
37,podomoro,R
37,ani,RO
37,fiki,R
37,waluyo,IO
37,sera,IO
37,agus,R
37,sunarto,R
37,trio,R
37,tiwi,R
37,barokah,R
37,wagiyo,R
37,rizka,R
37,athalla,IO
37,biru,RO
37,jito,RO
37,zahra,IO
37,rizki,IO
37,ana,R
37,alfaiz,R
37,yasna,R
37,sri hartati,R
37,yuda,RO
37,riska,RO
37,tini,R
37,amanda,R
37,gemilang,RO
37,siti,R
37,anik,RO
37,puri,IO
37,jehan,IO
37,azka,R
37,jaya abadi,R
37,barokah,R
37,puji,R
37,ika,R
37,lala,R
37,safina,R
37,kopkarindo,R
37,al firza,IO
37,ahs inez,R
37,karya agung,R
37,dwi,R
37,dheraty,R
37,merah putih,R
37,padma,R
37,zd jaya,R
37,graha cinema,IO
37,warung ijo,IO
37,kios 5,IO
37,kusmiyati,IO
37,bw,R
37,rujito,R
37,jiman,R
37,restu,R
37,nisa,R
37,rara,R
37,painik,R
37,painik,R
37,andy jaya,R
37,kautsar,R
37,bu harto,R
37,trisula,R
40,ani,RO
40,intan mart,R
40,rez sembako,RO
40,rama mart,R
40,ratna,RO
40,nazwa,RO
40,binah,RO
40,abe phone,RO
40,yuda,RO
40,anik,RO
40,putri,R
40,herda,IO
40,adinda,IO
40,syifa 1,RO
40,heni,R
40,tungkir jaya,IO
40,dono,R
40,darsono,IO
40,iskandar,RO
40,bariyem,R
40,yakin barokah,RO
40,siva 2,R
40,rahmadani,R
40,gimul,R
40,berkah,R
40,barokah,R
40,hk,RO
40,hari,RO
41,marsiti,IO
41,eni,R
41,narto,RO
41,hary,RO
41,rini,R
41,el,R
41,yuli,R
41,ngatiyem,R
41,pojok,R
41,devia,R
41,dewi,R
41,sendang rejeki,R
41,eka,R
41,barokah,RO
41,yanto,R
41,mandiri,R
41,merah,R
41,warni,R
41,yanti,R
41,sri suryawati,R
41,rumayah,RO
41,suradi,RO
41,gito,IO
41,runa,R
41,hafa,R
41,icul,RO
41,heru,RO
41,harno,R
41,sri,R
41,fabian mart,R
41,alfansa,R
41,ana,RO
41,win,R
41,antin,RO
41,siti,R
41,ayu,R
41,naura,RO
41,bima,R
41,anda,RO
41,anda,RO
41,veriana,R
41,warni,RO
41,rumayah,IO
41,runa,RO
41,suradi,RO
41,familia,R
41,anda,RO
41,hafa,R
41,ichul,RO
41,heru,RO
41,sri,R
41,raisa,R
41,alfansa,R
41,fabian,R
41,ana,R
41,asih,R
41,win,R
41,tri,R
41,antin,RO
41,siti,R
41,ayu,R
41,mbak sur,R
41,bima mart,R
41,naura,RO
41,parmi,R
41,erma,R
41,eka,R
41,merah,RO
41,yanti,RO
41,sri suryawati,RO
41,dhea,IO
41,yanti,IO
41,qaishar,IO
41,sembada berkah,IO
41,dita,IO
41,qta cell,IO
41,dela rahma,IO
41,bretian,IO
41,bayu,IO
41,maryati,IO
41,istana,IO
41,m point,R
41,adam,IO
41,dela rahma,IO
41,ijo,R
41,wakinem,R
41,lastinah,R
41,salut,R
41,dafa,R
41,bagas,R
41,lestari,R
41,akbar,R
41,vivin,R
41,pelangi,R
41,ratna,R
41,sido sp,R
41,minggir mart,R
41,kristo,R
41,eza,R
41,aurel,R
41,mur,R
41,diva,R
41,mut,R
41,mursilah,R
43,slamet,R
43,ponijo,IO
43,alfarodis,R
43,ina,R
43,lina,R
43,kurnia,R
43,maksum,R
43,sumber rizky,R
43,alfirzan jaya,RO
43,bu sum,RO
43,kardo,R
43,zainal,RO
43,anifah,RO
43,ahza mart,RO
43,wulan jaya,IO
43,sartijo,R
43,arsa,RO
43,sembako jaya,R
43,garuda,RO
43,delvin,R
43,pak no,R
43,pak eko,R
43,parmo,R
43,chacha,R
43,bekti,R
43,mancorong,R
43,sarifah,R
43,purnomo,R
43,alya,IO
43,kiki,IO
43,rafa,RO
43,barokah,R
43,terak mancorong,RO
43,mugianto,R
43,sarifa,R
43,purnomo,R
43,dk,R
43,rina,R
44,azka,R
44,kurnia,IO
44,narto,R
44,alfarizky,R
44,rafa,IO
44,endro,R
44,titik,R
44,wajirah,R
44,nino,R
44,wirawiri,IO
44,land,R
44,famili,R
44,antari,R
44,lestari,R
44,purnomo,R
44,jaya,R
44,rasya,RO
44,sekar,R
44,tumirah / tum,IO
44,husna,R
44,kati,R
44,dewi,RO
44,zaska,RO
44,aisa,IO
44,siwi,RO
44,fido,RO
44,nani,R
44,lutfi,R
44,semoga jaya,IO
44,aryjaya,R
44,mas bro,R
44,nia,R
44,deko,R
44,sumaryati,R
44,parjono,R
44,tata,IO
44,samsono,R
44,khalila,IO
45,rz,RO
45,wartinah,R
45,ning,R
45,priyo,R
45,iyan,R
45,sri rejeki,R
45,tini,R
45,jolis,R
45,menik,R
45,supiyah,IO
45,yadi,R
45,ngadiran,IO
45,haryati,R
45,marzeni,IO
45,budi,R
45,intan,RO
45,aicha,R
45,rahma,R
45,nurjanah,R
45,kurnia,RO
45,tiara,R
45,genza57,RO
45,nur,R
46,redi wangi,R
46,bandung,R
46,golden cell,R
46,alifka,R
46,budi,R
46,yatno,R
46,suharyanto,R
46,purnami,R
46,atik,R
46,mia,R
46,alfarizki,R
46,yanti,R
46,laris,R
46,ngingas,RO
46,kartika,IO
47,jaya mukti,R
47,suharyati,R
47,girah,R
47,kembar mart,R
47,tutik,R
47,gilang,R
47,atar,RO
47,adp,RO
47,salsabila,RO
47,se sembako,RO
47,amira,R
47,sembako aryo,RO
47,rika,RO
47,ulfa,R
47,sbr,R
47,jaya mukti,R
47,gayatri jaya,R
47,paidi,R
47,badiyah,R
47,multi 06,IO
