1,Izzan,RO,-7.763809,110.418164,1
1,Yatmin,R,"7°45'59""S","110°25'07""E",2
1,Dizy,R,"7°46'00""S","110°25'11""E",3
1,Hijrah,R,"7°45'57""S","110°25'29""E",4
1,As Boba,R,"7°46'18""S","110°25'42""E",5
1,Bunda Ain,R,"7°46'05""S","110°25'34""E",6
1,Karomah,RO,-7.769238,110.425446,7
1,Asia,R,"7°46'10""S","110°25'35""E",8
1,Suwarni,R,"7°46'11""S","110°25'41""E",9
1,Berkah,RO,-7.771536,110.428646,10
1,Mataram,RO,-7.772752,110.430163,11
1,Anisa,RO,-7.772441,110.42512,12
1,Festi,RO,-7.77302,110.430284,13
1,Cik Ning,R,"7°46'25""S","110°25'40""E",14
1,Bu Nur,RO,-7.772906,110.423356,15
1,Pak Muh,RO,"7°46'25""S","110°25'28""E",16
1,Bambang,R,"7°46'28""S","110°25'37""E",17
1,Prima,RO,-7.776309,110.422002,18
1,Toko Arrohman,RO,-7.781872,110.424779,19
1,Murah Barokah,RO,"7°46'44""S","110°25'27""E",20
1,GM Sembako,R,"7°46'46""S","110°25'26""E",21
1,Bagos,R,"7°46'46""S","110°25'22""E",22
1,Payem,R,"7°46'50""S","110°25'22""E",23
1,Mitra Dwima,RO,-7.779908,110.42527,24
1,Bu Ngadirah,RO,"7°46'51""S","110°25'28""E",25
1,Rian,RO,"7°46'53""S","110°25'29""E",26
1,WM Rizki,RO,-7.782567,110.424364,27
1,Marsudi,R,"7°46'56""S","110°25'21""E",28
1,Taminah,R,"7°46'58""S","110°25'20""E",29
1,NH Jaya,R,,,30
1,Klasik,R,-7.779351,110.429274,31
1,Tk Alif,R,-7.778074,110.429059,32
1,Win Mart,R,-7.780574,110.421808,33
1,Wijaya 2,RO,-7.780331,110.425106,34
1,Amanah,RO,-7.780931,110.423115,35
1,Sembako tutik,R,-7.764464,110.418003,36
1,Bu ning,R,-7.764691,110.418196,37
1,Toko sea,R,-7.765751,110.417933,38
1,Eca,R,-7.766544,110.41829,39
1,Bu yono,R,-7.780479,110.421788,40
1,Kevin,R,-7.766676,110.419371,41
1,Irma,R,-7.767609,110.421508,42
1,Monic,R,-7.769375,110.425978,43
1,Fitri,R,-7.769962,110.428464,44
1,Pak badirun,,-7.776677,110.42962,45
1,Bu nik,R,-7.777513,110.429475,46
1,Kayla,R,-7.781365,110.428472,47
1,Bu ngadiyem,RO,-7.780946,110.424507,48
1,Ria,R,-7.781308,110.422821,49
1,Budi,R,-7.782897,110.422568,50
1,Madura,R,-7.782593,110.42266,51
1,Rafa cell,IO,-7.775229,110.422322,52
1,Meta cell,,,,53
1,Bu pon,,,,54
2,Titi,R,"7°45'53""S","110°24'45""E",1
2,Slamet,R,-7.766386,110.412598,2
2,Mutiara,RO,-7.766996,110.414099,3
2,Bu Nani,,"7°46'18""S","110°24'46""E",4
2,Maryono,RO,"7°46'27""S","110°24'48""E",5
2,Berkah Jaya,RO,-7.777024,110.409832,6
2,Sumber Rejeki,RO,-7.776911,110.408419,7
2,Parjo,R,"7°46'39""S","110°24'30""E",8
2,popy,,"7°46'34""S","110°24'58""E",9
2,Zaifur,RO,"7°46'42""S","110°25'00""E",10
2,Protelon,RO,-7.78049,110.411379,11
2,Barokah,RO,-7.780549,110.412808,12
2,Tujirah,RO,-7.782743,110.413615,13
2,Moci,R,"7°46'49""S","110°25'01""E",14
2,Sidomuncul,RO,-7.780549,110.41641,15
2,Wijaya,RO,-7.781296,110.417255,16
2,Burjo Pak Supri,RO,-7.781417,110.417353,17
2,Bu Parti,RO,-7.782271,110.41678,18
2,Zaki,RO,-7.781918,110.411435,19
2,SRC Pojok,,,,20
2,Arka,R,-7.773948,110.415951,21
2,Toat jaya mart,R,-7.77218,110.416334,22
2,Lestari,R,-7.772241,110.416347,23
2,Ngadiyo,R,-7.773109,110.41612,24
2,Ubay,R,-7.775052,110.415705,25
2,Arka2,R,-7.774195,110.414763,26
2,Fikri6,R,-7.774914,110.408789,27
2,Bu cokro,R,-7.764843,110.413186,28
2,Pak totok,R,-7.76551,110.413648,29
2,Laras barokah,R,-7.765146,110.411687,30
2,Rendy,R,-7.762607,110.413035,31
2,Bu tarmi,IO,-7.765411,110.413342,32
2,Adijaya2,IO,-7.763433,110.41178,33
2,Fikri,IO,-7.771011,110.409697,34
2,Faroz,IO,-7.771595,110.4165,35
3,Leo 3,RO,-7.762732,110.406487,1
3,Rizki 2,RO,-7.781325,110.401458,2
3,Nabila,,"7°46'33""S","110°24'01""E",3
3,Samsu,R,"7°46'40""S","110°24'14""E",4
3,Mosi mosi,RO,-7.778359,110.402336,5
3,bu Ida,R,"7°46'44""S","110°24'27""E",6
3,Arra cell,RO,"7°46'40""S","110°24'29""E",7
3,Barokah,RO,-7.777447,110.406258,8
3,Leo 1,RO,-7.777761,110.402451,9
3,Pangestu,RO,"7°46'39""S","110°24'18""E",10
3,Bintang Laundry,RO,-7.776162,110.404815,11
3,SRC Bismillah,RO,-7.776188,110.405545,12
3,Inara Mart,RO,-7.769562,110.406721,13
3,Tk Kita,RO,-7.768216,110.406994,14
3,Uti Laundry,RO,-7.767962,110.407672,15
3,Timbul,RO,-7.768415,110.407574,16
3,Manja Sembako,RO,"7°45'47""S","110°24'15""E",17
3,Genza 57,RO,"7°46'02""S","110°24'09""E",18
3,Leo 2 . Wahid hasyim,RO,-7.765475,110.402985,19
3,Sidiq,RO,-7.768783,110.408091,20
3,Kafa 2,RO,-7.769501,110.405355,21
3,Hafid,,-7.776249,110.401715,22
3,Reza,IO,-7.763223,110.404685,23
3,Sumber rejeki,IO,-7.763483,110.406992,24
3,Reni jaya,IO,-7.763034,110.404605,25
3,Arya cell,IO,-7.769746,110.408117,26
3,Zubaidah,IO,-7.768467,110.405437,27
3,Leo 2 perumnas,IO,-7.764986,110.405931,28
3,Hatmoko,R,-7.776753,110.40452,29
3,Bu prapti,R,-7.77695,110.405461,30
3,Siam,R,-7.778086,110.405468,31
3,Rasyd,R,-7.780207,110.408458,32
3,Ansoruna,R,-7.778916,110.40847,33
3,B-8,R,-7.777571,110.408297,34
3,Alfirzan jaya,R,-7.775578,110.408877,35
3,Tegak lurus,R,-7.774423,110.40795,36
3,Grenaya,R,-7.771888,110.405005,37
3,Athira,R,-7.762879,110.403464,38
3,Madura,R,-7.763809,110.403503,39
3,Ashera,R,-7.76436,110.404176,40
3,Ragil,R,-7.764343,110.404667,41
3,Giyan sembako,IO,-7.764249,110.403395,42
3,Deta,R,,,43
4,Bringin Jaya,RO,-7.760954,110.394932,1
4,Pojok,RO,-7.761168,110.402906,2
4,Bu Rumi,RO,-7.76367,110.400681,3
4,Gempita mart,RO,-7.771018,110.393383,4
4,Gembira,R,-7.77146424,110.3926267,5
4,Bu Mugi,,-7.77237773,110.3938495,6
4,Alfazza,RO,-7.773534,110.391775,7
4,Dian Mart,R,-7.773234,110.391825,8
4,Arni,,-7.772122,110.395405,9
4,Beauty,R,-7.773371,110.393901,10
4,SRC Kucky,R,-7.77327371,110.3940759,11
4,Berkat tama,RO,-7.753027,110.33876,12
4,AHA Cell,R,-7.772886,110.399998,13
4,Ardaf,R,-7.77335,110.401017,14
4,Yayuk,R,-7.77339543,110.3922697,15
4,Widaryanto,R,-7.77596094,110.3906382,16
4,otik,R,-7.77597503,110.3907771,17
4,Miki,R,-7.775854,110.3914504,18
4,Bu Susi,R,-7.777959,110.398054,19
4,SRC Dibyo,,-7.77883675,110.3973279,20
4,Dewi mayang,R,-7.778856,110.3949,21
4,Cendrawasih,RO,-7.779851,110.39036,22
4,Arofa,RO,-7.772247,110.395843,23
4,Bu Barjo,RO,-7.781183,110.395772,24
4,Indo Jaya,RO,-7.77855,110.395679,25
4,Riski,RO,-7.763346,110.401196,26
4,Bu Santi,RO,-7.761827,110.401779,27
4,Winda Jaya,RO,-7.767788,110.400058,28
4,Mbah dul,R,-7.767464,110.396057,29
4,Erni,,-7.778771,110.396494,30
4,Minis store,,-7.764163,110.400786,31
4,Rahmad,R,-7.762062,110.396895,32
4,Rama mart 2,R,-7.763442,110.394385,33
4,Surabaya cell,R,-7.763642,110.394824,34
4,Ungu,R,-7.764873,110.396342,35
4,Rama mart 1,R,-7.765741,110.396387,36
4,Walidi,R,-7.765955,110.396346,37
4,Genesis,IO,-7.772573,110.397201,38
4,Lala,IO,-7.768011,110.396509,39
4,Warung70,IO,-7.762325,110.394303,40
4,Kumala sari,IO,-7.781049,110.389026,41
4,Karomah2,RO,-7.766426,110.396303,42
4,Mandiri,R,-7.767768,110.399271,43
4,Lestari,R,-7.768031,110.396489,44
4,Maulida,R,-7.773448,110.39364,45
4,Andika,R,-7.780363,110.395907,46
4,Fajar,R,-7.760292,110.403754,47
4,Erma jaya,R,-7.759668,110.40391,48
4,Sumar,R,-7.760839,110.399788,49
4,Barakah jaya,R,-7.762059,110.397809,50
4,Jawa9,R,-7.76648,110.401767,51
4,Arcia mart,IO,-7.76823,110.402296,52
4,Lestari makmur,IO,-7.762176,110.399412,53
4,Aura,IO,-7.761683,110.399393,54
4,Amir,IO,-7.761418,110.403635,55
4,Zayan,IO,-7.78185,110.395468,56
5,Barokah,R,"7°45'24""S","110°23'02""E",1
5,jaya Cell,RO,"7°45'32""S","110°23'08""E",2
5,SRC Purnomo,RO,"7°45'36""S","110°22'54""E",3
5,Denny,R,"7°45'38""S","110°22'59""E",4
5,Bu Marsiah,RO,"7°45'40""S","110°23'00""E",5
5,SRC Rizky,R,"7°45'36""S","110°23'18""E",6
5,Tami,RO,"7°45'38""S","110°23'31""E",7
5,Ojo Dumeh,R,"7°45'42""S","110°23'31""E",8
5,kanva,R,"7°45'48""S","110°23'07""E",9
5,jumiati,R,"7°45'54""S","110°23'09""E",10
5,narti,R,"7°45'57""S","110°23'03""E",11
5,Jawi,R,"7°45'59""S","110°23'08""E",12
5,Tini,R,"7°45'58""S","110°23'23""E",13
5,Rangga,R,"7°46'02""S","110°23'24""E",14
5,D7 Nyumarni,R,"7°46'16""S","110°23'05""E",15
5,Hafifudin,,"7°46'15""S","110°23'17""E",16
5,poniman,R,"7°46'14""S","110°23'12""E",17
5,SRC Anisa,R,"7°46'16""S","110°23'00""E",18
5,HNR Cell,R,"7°46'20""S","110°23'08""E",19
5,Gito,R,"7°46'21""S","110°23'09""E",20
5,Diah,R,"7°46'21""S","110°23'09""E",21
5,Cahaya Mart,R,"7°46'20""S","110°23'15""E",22
5,SRC Endang,R,"7°46'26""S","110°22'56""E",23
5,Berkah,R,"7°46'28""S","110°22'56""E",24
5,Zuma,R,"7°46'23""S","110°23'20""E",25
5,Rizky,R,"7°46'46""S","110°23'01""E",26
5,Bunda Ayu,R,"7°46'52""S","110°23'07""E",27
6,Dua Saudara,R,-7.74298184,110.4133841,1
6,Er sembako,R,,,2
6,Ada mart,RO,,,3
6,Afran,R,"7°44'59""S","110°24'36""E",4
6,Pak Totok,R,"7°44'56""S","110°24'51""E",5
6,SRC Gino,R,"7°45'11""S","110°24'47""E",6
6,Mbah Pardi,R,"7°45'12""S","110°24'44""E",7
6,Tk Mbah,R,"7°45'13""S","110°24'44""E",8
6,Mingun,R,"7°45'14""S","110°24'49""E",9
6,Wawan,R,"7°45'14""S","110°24'48""E",10
6,Gombloh,R,"7°45'14""S","110°24'47""E",11
6,Siti,R,"7°45'17""S","110°24'34""E",12
6,Siren,R,"7°45'15""S","110°24'38""E",13
6,Sum,RO,"7°45'17""S","110°24'35""E",14
6,purnomo,R,"7°45'14""S","110°24'31""E",15
6,Alif,R,,,16
6,Barokah,R,,,17
6,Merpati,R,"7°45'27""S","110°24'42""E",18
6,Dani,RO,,,19
6,Mila 1,R,"7°45'35""S","110°24'45""E",20
6,AR toko,R,"7°45'28""S","110°24'44""E",21
6,Sembako madura,R,"7°45'30""S","110°24'47""E",22
6,Nisal,R,,,23
6,Adilia mart,R,"7°45'36""S","110°24'50""E",24
6,SRC Jasmine,R,"7°45'37""S","110°24'51""E",25
6,Bu Harto,RO,"7°45'38""S","110°24'51""E",26
6,Agoes,R,"7°45'40""S","110°24'49""E",27
6,Asli Sembako,R,,,28
6,Bu Rub,R,,,29
6,Mini,RO,"7°45'12""S","110°24'45""E",30
6,Fanaya,R,,,31
7,Naufal,RO,-7.748805,110.39896,1
7,Sepudi jaya,R,"7°45'22""S","110°23'52""E",2
7,ceria,R,"7°45'21""S","110°23'56""E",3
7,Langgeng,R,-7.755345,110.401407,4
7,desi,R,,,5
7,Pandu putra,R,-7.756049,110.405903,6
7,Yak muni,R,-7.75549,110.404011,7
7,Wawan,R,,,8
7,Fahri Barokah,R,,,9
7,Hasilono,R,"7°45'12""S","110°24'18""E",10
7,Dns,R,"7°45'12""S","110°24'18""E",11
7,Tari,R,"7°45'04""S","110°24'26""E",12
7,Beny,R,"7°45'02""S","110°24'26""E",13
7,Afifah 1,RO,-7.749876,110.406689,14
7,Dea,RO,-7.750308,110.404855,15
7,Bu Ipar,RO,-7.750428,110.405928,16
7,Istiqomah 4 / Nadaku,RO,-7.753965,110.39762,17
7,Pojok gejayan,R,"7°45'14""S","110°23'48""E",18
7,Deby,R,,,19
7,Dedyo,R,"7°45'04""S","110°23'54""E",20
7,Rama mart/umik 1,RO,-7.756765,110.39612,21
7,Sembako Rahmat,RO,-7.751627,110.398647,22
7,Awan,R,,,23
7,kevin,R,-7.745315,110.396516,24
7,Sanjaya,R,"7°44'45""S","110°23'45""E",25
7,Ridho 2,RO,-7.750651,110.398644,26
7,Afifah2,R,-7.745836,110.401632,27
7,Sembako SRI,R,-7.750273,110.402802,28
7,Dewi,R,-7.750243,110.402935,29
7,Sri jaya,RO,-7.745927,110.399316,30
7,Djaya,R,-7.754573,110.396903,31
7,Rama mart 7,R,-7.757078,110.395282,32
7,Zubaidi,R,-7.750337,110.404998,33
7,Sembako sumeh,RO,-7.756791,110.395595,34
7,Naka yoshi,R,-7.756962,110.397276,35
7,Fajar,R,-7.756459,110.397735,36
7,Aneka jaya,R,-7.756495,110.39776,37
7,Winarni,R,-7.755918,110.398245,38
7,Agus,R,-7.754402,110.399344,39
7,Rahayu,R,-7.75396,110.39951,40
7,Kurnia baru,R,-7.751434,110.400526,41
7,Ridho4,R,-7.751068,110.40058,42
7,Karomah,R,-7.750417,110.405944,43
7,Yuni,R,-7.750958,110.407354,44
7,Bu cipto,IO,-7.750456,110.405509,45
7,Utama mart,R,-7.755845,110.404917,46
7,Utama 2 mm,R,-7.755861,110.405098,47
7,Fikri,R,-7.750013,110.406108,48
7,One mio sembako,IO,-7.750086,110.406087,49
7,Albarokah,R,-7.750261,110.40425,50
7,Madura,R,-7.750325,110.401021,51
8,Devi,R,,,1
8,Harsudi,RO,-7.745435,110.398379,2
8,Valentine,RO,-7.745676,110.399213,3
8,SRC Bu Nur,RO,-7.744705,110.399519,4
8,Ridho 1,RO,-7.744679,110.399562,5
8,Lestari,R,,,6
8,Cahaya,,,,7
8,Restu,R,,,8
8,Wina,R,,,9
8,Lilik Cell,R,-7.742848,110.401188,10
8,Pakih,,,,11
8,Ridho 5,RO,-7.74241,110.398957,12
8,Bayu,R,,,13
8,Rahayu,RO,-7.741041,110.399758,14
8,Alfatih,RO,-7.740789,110.398476,15
8,partini,R,,,16
8,Nadera,R,,,17
8,Pojok,RO,-7.752874,110.39235,18
8,Bu Is,IO,,,19
8,Bu Haryati,R,,,20
8,SRC Pungky,RO,-7.748664,110.38975,21
8,Khakha,RO,-7.740082,110.394635,22
8,Sembako lia,RO,-7.738542,110.399553,23
8,Riyanto,R,,,24
8,istiqomah,RO,-7.740805,110.39631,25
8,SRC Agatha,R,,,26
8,Putra,R,,,27
8,Rix Cell,R,,,28
8,Bumi Market,RO,,,29
8,Dewi,R,-7.745208,110.396145,30
8,Angkringan Pagi,RO,-7.756435,110.391597,31
8,Grestro,RO,-7.75723,110.396089,32
8,Birru,IO,-7.749012,110.391346,33
8,Pak Warno,R,-7.750268,110.392024,34
8,Ika,R,-7.742423,110.395924,35
8,Mbah rumi,R,-7.743505,110.395628,36
8,Deaswara,R,-7.744021,110.395939,37
8,Anik,R,-7.739942,110.394148,38
8,Jaya,R,-7.739773,110.393747,39
8,Bu puji,RO,-7.748046,110.392999,40
8,Sumirah,R,-7.745713,110.388789,41
8,Pak rani,R,-7.752767,110.391513,42
8,Sarmijoss,,-7.755823,110.390998,43
8,Abim,IO,-7.755468,110.389586,44
8,Kios sely,IO,-7.746252,110.3923,45
8,Rizky rangiro,IO,-7.740621,110.395671,46
8,Mila,IO,-7.741319,110.397379,47
8,Gendut cell,IO,-7.740215,110.394911,48
8,Kisno,IO,-7.746363,110.39554,49
8,Sumarmi,IO,-7.746627,110.389815,50
9,Lestari,R,,,1
9,Karin laundry,RO,,,2
9,Jumilah,RO,-7.73726,110.383775,3
9,SRC Haryadi,RO,-7.741147,110.387642,4
9,SRC Rumiyati,R,-7.74261364,110.385216,5
9,Nadira,R,-7.74280462,110.385032,6
9,Tk Anazila,R,-7.74212432,110.3785982,7
9,SRC Herbamed,RO,-7.744427,110.380144,8
9,Cahaya pelangi,R,-7.74379154,110.3817531,9
9,Sangadi,RO,-7.746803,110.382187,10
9,Vino,R,-7.74669252,110.3825233,11
9,Nuren,RO,-7.751149,110.377672,12
9,Bibit,RO,-7.751457,110.382157,13
9,Salsabila,RO,-7.740046,110.380906,14
9,Lunar,RO,-7.736514,110.381277,15
9,Bu harto,RO,-7.739936,110.38059,16
9,BU WIN,,-7.75339214,110.3751249,17
9,GRIYA LAUNDRY,,-7.752774,110.375893,18
9,ALVARO,,-7.75161276,110.3764759,19
9,ANAN,,-7.75202505,110.3760179,20
9,Selaras,,-7.75282789,110.3753915,21
9,Joni,,-7.75352,110.375218,22
9,Basuki,,-7.753545,110.376843,23
9,Mbah Midi,,-7.75463782,110.3765781,24
9,kembar,,-7.75560849,110.3769583,25
9,Ninik,,-7.7558112,110.3763029,26
9,Putra Sahaja,,-7.75555851,110.3763456,27
9,Tutik,,-7.756698,110.372103,28
9,ABS,,7.756272,110.38026,29
9,Sembako Madura,,-7.754719,110.38179,30
9,Pak tono,,-7.756017,110.376031,31
9,Mulyo,,-7.76168913,110.3797986,32
9,Syarifah,,-7.764314,110.378912,33
9,Carisa,,-7.76386,110.374302,34
9,Abe,,-7.762919,110.374206,35
9,D'eva,,-7.761823,110.374997,36
9,Nurjanah,,-7.752966,110.377158,37
9,Iqbal,,-7.762293,110.379512,38
9,Elisa,,-7.755684,110.377576,39
9,Hartatik,,-7.753052,110.37053,40
9,Angkringan mas kendang,,-7.754149,110.369985,41
9,Nuha sembako,,-7.756293,110.370943,42
9,Almera,,-7.756548,110.371898,43
9,Dua putri,,-7.756614,110.373038,44
9,WR Rejeki,,-7.755682,110.377725,45
10,Guna mart,,-7.761753,110.37546,1
10,Avina,,-7.761854,110.375009,2
10,Bu kidi,,-7.762329,110.379582,3
10,Wulan,,-7.762105,110.378898,4
10,Sayur segar,,-7.762537,110.373426,5
10,parjiyem,,-7.761663,110.372914,6
10,SRC Sri Rejeki,,-7.761061,110.372285,7
10,Badawi,,-7.759886,110.372113,8
10,An Nur,,-7.752726,110.377291,9
10,Tk Safa,,-7.754,110.371019,10
10,Sahabat,,-7.756298,110.370393,11
10,Tk Alif,,,,12
10,Bu Yung,,,,13
10,Surya,,,,14
10,Sumber Rejeki,,,,15
10,Wulandari,,,,16
10,B 29 Anggi,,,,17
10,Kios 22,,,,18
10,Asri,,,,19
10,Mbah Kijo,,,,20
10,Pojok,,,,21
10,Asyva,,,,22
10,Sembako Galileo,,,,23
10,Sembako aisyah,,,,24
10,Basmalah jaya 3,,,,25
10,Mangir,,,,26
10,Madura,,,,27
10,Jumari,,,,28
10,Wedi,,,,29
10,Barokah,,,,30
10,Tiara,,,,31
10,Ss one,,,,32
10,Src ponidi,,,,33
10,Padma,,,,34
10,Mubarok,,,,35
10,Jons cell,,,,36
10,Kamil,,,,37
10,Bu sarjono,,,,38
10,A2,,,,39
10,Basmalah jaya,,,,40
11,Hafis,,-7.75728691,110.4281368,1
11,Beti,R,-7.75883389,110.4251658,2
11,Danis,RO,-7.754109,110.429449,3
11,Reza,R,-7.755197,110.422905,4
11,Putri,R,-7.75432417,110.4228565,5
11,Barokah,R,-7.75299,110.420419,6
11,Pall gori,R,-7.75334364,110.4242069,7
11,Y Cell,R,-7.745186,110.424041,8
11,Wr Cilik,R,-7.74723176,110.4255143,9
11,Mbah rejo,RO,-7.747138,110.425177,10
11,Rafif,RO,-7.750417,110.424882,11
11,Bu susi,R,-7.763592,110.428818,12
11,Bu marwiyah,R,-7.762082,110.428828,13
11,Ika sari,R,-7.764484,110.431745,14
11,Ragil,R,-7.763024,110.432327,15
11,Ian cell,R,-7.762959,110.432215,16
11,Sri rejeki,R,-7.76085,110.429699,17
11,Fortuna,RO,-7.7595,110.423867,18
11,Firman,R,-7.758555,110.422759,19
11,Bu aris,R,-7.748457,110.425181,20
11,Bu yumariyah,R,-7.74849,110.424952,21
11,Mbok moro,R,-7.747204,110.425273,22
11,Mega jaya,R,-7.745202,110.424053,23
11,Karunia,,-7.746131,110.423482,24
11,Mbah humam,RO,-7.752637,110.430973,25
11,Murah rejeki,R,-7.753412,110.430024,26
11,Sembako simbok,R,-7.759802,110.425567,27
11,Rejeki,IO,-7.750969,110.426802,28
11,Reza 3,IO,-7.753872,110.423139,29
11,Aini,IO,-7.756216,110.422941,30
11,Luki lestari,IO,-7.756846,110.42302,31
11,Barokah jaya,IO,-7.759942,110.426107,32
11,Prasetiar,IO,-7.752647,110.419613,33
11,Raihan,IO,-7.753098,110.421434,34
11,Mbk luthfi,IO,-7.753684,110.418193,35
11,Banyu mili,IO,-7.75454,110.418961,36
12,Jas Sembako,RO,-7.74363261,110.409195,1
12,Babibo,R,-7.74319973,110.4138005,2
12,SRC Purwanti,R,-7.743765,110.423814,3
12,Bu Prapto,RO,-7.739045,110.420679,4
12,Amanah,RO,-7.73956,110.42187,5
12,Green,R,,,6
12,Sabrina,R,-7.72827392,110.4265141,7
12,Makmur,R,-7.73649754,110.4210866,8
12,Tk El,R,-7.73676286,110.4204583,9
12,Nada,R,-7.73622516,110.4193917,10
12,Mbah Uti,R,-7.73626569,110.4189891,11
12,Barokah Madura,R,-7.73542285,110.421488,12
12,Dise,RO,-7.73552,110.421812,13
12,Bu Narno,RO,-7.73467151,110.421291,14
12,SRC Inah Jaya,R,-7.73220874,110.4219393,15
12,Gita,R,-7.731589,110.421054,16
12,barokah,RO,-7.729177,110.422857,17
12,Yuni,RO,-7.727696,110.42456,18
12,Dwi Manunggal,RO,-7.72768,110.423456,19
12,Kinasih,R,-7.72805,110.422955,20
12,Agung,R,-7.72746966,110.4239199,21
12,Khafa 5,R,-7.72747787,110.4214349,22
12,Ris Sembako,RO,-7.72808282,110.420674,23
12,Naluri,R,,,24
12,Carissa Jaya,R,-7.73150867,110.4132327,25
12,Bro Cell,R,-7.73412603,110.413466,26
12,Bu wati,R,-7.72806402,110.4138807,27
12,SRC Swa sembako,R,-7.72816941,110.4148926,28
12,Suriah,R,-7.72809711,110.415054,29
12,Siti,R,-7.72819349,110.4139771,30
13,Murah,RO,-7.783288,110.432299,1
13,Mutiara Jog,R,"7°46'57""S","110°25'53""E",2
13,New Mutiara,R,-7.781845,110.430595,3
13,Wr Pak gondrong,R,"7°46'51""S","110°26'13""E",4
13,Bang Jay,R,"7°46'46""S","110°25'54""E",5
13,Warungku,R,"7°46'46""S","110°25'51""E",6
13,Emi,R,"7°46'42""S","110°26'02""E",7
13,Oscar,R,-7.777708,110.432862,8
13,Arka,RO,-7.776953,110.432949,9
13,Diah,R,"7°46'42""S","110°25'54""E",10
13,Itiga mart,RO,-7.775239,110.435604,11
13,kenken ku,R,"7°46'28""S","110°25'56""E",12
13,cahaya,,-7.775251,110.433081,13
13,Neorita,R,"7°46'15""S","110°25'54""E",14
13,Donny 2,R,"7°46'04""S","110°26'19""E",15
13,Trio Aba,RO,"7°45'57""S","110°26'09""E",16
13,Bayu,R,"7°45'56""S","110°26'22""E",17
13,Bu Purwanti,R,"7°45'52""S","110°26'10""E",18
13,A & Z,R,,,19
13,Fera,RO,-7.779122,110.43172,20
13,Kiki,R,-7.771836,110.437917,21
13,Kenanga,R,-7.778261,110.433425,22
13,Broto,IO,-7.779737,110.429989,23
13,Arji,R,-7.78112,110.430241,24
13,Rahmat,R,-7.781184,110.431578,25
13,Suparno,R,-7.777972,110.431236,26
13,Madura,R,-7.781396,110.434372,27
13,Narinda jaya,R,-7.781376,110.434388,28
13,Surya,R,-7.780253,110.434719,29
13,Arya sembako,R,-7.779629,110.434613,30
13,Lina jaya,R,-7.77847,110.434918,31
13,Satria,R,-7.775772,110.435365,32
13,Dony 1,R,-7.773103,110.436047,33
13,Mamat,IO,-7.777332,110.435228,34
13,Ijo,IO,-7.775965,110.435689,35
13,Barokah,IO,-7.775345,110.435422,36
13,Zahra jaya,IO,-7.770761,110.438248,37
14,Bu Iin,RO,-7.782008,110.440655,1
14,Bayu,R,"7°46'55""S","110°26'23""E",2
14,Beladyva,R,-7.78054,110.443582,3
14,pak Kirman,R,-7.78009,110.442248,4
14,Hadi,R,-7.778562,110.443742,5
14,Farel,R,"7°46'41""S","110°26'26""E",6
14,Mabruri,RO,-7.774367,110.444558,7
14,Ilham Mart,RO,-7.771988,110.443746,8
14,Harni,R,-7.770918,110.443875,9
14,Bintang,RO,-7.759153,110.447075,10
14,Balqis,R,-7.757769,110.447337,11
14,Mercy,R,"7°45'32""S","110°26'52""E",12
14,Hurin Cell,R,-7.764878,110.44864,13
14,barokah,R,-7.759565,110.449628,14
14,siti,R,,,15
14,Asri,R,-7.77934,110.448688,16
14,Tolak faisin,R,-7.779626,110.450138,17
14,Madura,R,-7.779673,110.450105,18
14,Anggrek,R,-7.776854,110.449632,19
14,Tema,R,-7.775617,110.449475,20
14,Rita,R,-7.770453,110.448905,21
14,Amelia,IO,-7.765535,110.448269,22
14,Erni,R,-7.763644,110.444973,23
14,Dendia,R,-7.758654,110.449591,24
14,Danar jaya,IO,-7.755968,110.449907,25
14,Indi,R,-7.754144,110.448197,26
14,Amelia 9,R,-7.754765,110.448114,27
14,Sigarer,R,-7.757137,110.447877,28
14,Riki agung,R,-7.758392,110.447111,29
14,Marem jaya,R,-7.766829,110.446016,30
14,Suyanto,R,-7.767293,110.446104,31
14,Barokah dila,R,-7.768184,110.445716,32
14,Tukiyo,R,-7.757318,110.449263,33
14,Pak tri,R,-7.779083,110.443945,34
14,Gio,R,-7.775747,110.449482,35
14,Palupi,R,-7.773895,110.449079,36
14,Berkah,R,-7.769598,110.4475,37
14,Sabian cell,R,-7.770605,110.445164,38
14,Risma,IO,-7.76479,110.446885,39
14,Sudirja,IO,-7.768583,110.445631,40
14,Grow mart,IO,-7.777134,110.44326,41
14,Oren jaya,IO,-7.777904,110.447062,42
14,Gito,IO,-7.759109,110.449514,43
14,Kana al barokah,IO,-7.773863,110.449095,44
15,Rene wae,RO,-7.760496,110.440403,1
15,Dika,RO,-7.759575,110.439664,2
15,Burjo nopik,R,"7°45'28""S","110°26'22""E",3
15,Istiqomah,R,"7°45'26""S","110°26'28""E",4
15,Assyfa,RO,-7.754122,110.441566,5
15,Purwanti,R,-7.752768,110.437695,6
15,Kalista,R,"7°45'09""S","110°26'07""E",7
15,Bu Yati,R,"7°45'04""S","110°26'04""E",8
15,Damar jaya,RO,-7.751349,110.434937,9
15,Wartini,IO,-7.742789,110.450756,10
15,Nizam,R,-7.753,110.443274,11
15,Jazim,R,-7.751624,110.442185,12
15,Niken,R,"7°44'51""S","110°26'52""E",13
15,Rafi,R,,,14
15,Bambang,R,"7°45'15""S","110°27'01""E",15
15,Istilah,R,"7°44'33""S","110°26'51""E",16
15,Adi,R,"7°44'32""S","110°26'51""E",17
15,Giyanto,R,-7.740799,110.439691,18
15,Khanza,R,-7.740949,110.439997,19
15,Gilang,R,-7.73966,110.436865,20
15,Abimanyu,R,-7.763268,110.437893,21
15,Oma,RO,-7.743773,110.448865,22
15,Ahzaini,R,-7.743496,110.450487,23
15,Barokah,R,-7.754553,110.441367,24
15,Kanjeng ibu,R,-7.753454,110.440625,25
15,Parjilah,R,-7.736677,110.44742,26
15,Berkah,R,-7.737053,110.44546,27
15,Akbar jaya 2,R,-7.761776,110.433434,28
15,Jinawi,R,-7.758825,110.439501,29
15,A113,IO,-7.750107,110.448995,30
15,Barokah,IO,-7.75794,110.440261,31
15,Zama,IO,-7.762781,110.436174,32
15,Almera jaya,IO,-7.760888,110.439782,33
15,Aura mart,IO,-7.736805,110.447667,34
15,Salman,IO,-7.752857,110.438064,35
15,Fortuna 2,IO,-7.753205,110.439966,36
15,HRC,,-7.763286,110.437792,37
15,Haikal,,,,38
16,Melia,R,"7°45'00""S","110°27'08""E",1
16,Parno,R,"7°44'30""S","110°27'41""E",2
16,Rara,R,"7°44'27""S","110°27'41""E",3
16,keyla,RO,-7.741366,110.461489,4
16,Barokah,RO,-7.739495,110.452377,5
16,Vanesa,RO,-7.739569,110.452372,6
16,Asta,RO,-7.715415,110.453098,7
16,Naysa,R,-7.74321,110.461662,8
16,Ilham,R,-7.736125,110.461168,9
16,helmi,R,"7°44'07""S","110°27'38""E",10
16,Mandiri berkah,R,-7.732892,110.460944,11
16,Mba Yuli,R,-7.734572,110.456263,12
16,Gicera,R,-7.714872,110.441728,13
16,RS Cell,RO,-7.722806,110.435767,14
16,Bu Dukuh,R,-7.722398,110.438394,15
16,Noplex,RO,-7.69995,110.463136,16
16,SRC Baru,R,-7.716944,110.472821,17
16,Tia,R,-7.726936,110.466493,18
16,Basri,R,-7.731069,110.462442,19
16,Irma,R,-7.714728,110.455372,20
16,Maharani,R,-7.719166,110.438635,21
16,Jumari,R,-7.713737,110.448291,22
16,Lestari,R,-7.730591,110.453792,23
16,Widjaya,R,-7.731159,110.45522,24
16,Barokah jaya,R,-7.731664,110.45911,25
16,Dms,R,-7.747207,110.460415,26
16,Sederhana,R,-7.743695,110.461528,27
16,Sumiatun,R,-7.743239,110.461514,28
16,Apri,R,-7.699882,110.464435,29
16,Jono,R,-7.729366,110.46141,30
16,Murah rejeki,R,-7.728813,110.449361,31
16,Zanaraqu,R,-7.729315,110.450921,32
16,Tiga berlian,R,-7.729359,110.450962,33
16,Grp,R,-7.728206,110.447794,34
16,Salsabila,IO,-7.725021,110.435173,35
16,Tari,IO,-7.728763,110.451264,36
16,Albi,IO,-7.729003,110.451443,37
16,Mahya,IO,-7.725998,110.442001,38
16,Tika jaya,IO,-7.729943,110.452741,39
16,Bu sri,IO,-7.714975,110.46366,40
17,Inem,R,"7°46'32""S","110°27'25""E",1
17,NN,RO,-7.73165,110.328179,2
17,poinah,RO,"7°46'32""S","110°27'27""E",3
17,Bu udin,R,"7°46'27""S","110°27'27""E",4
17,Sembako wijaya,R,"7°46'20""S","110°27'07""E",5
17,Bu broto,RO,"7°45'55""S","110°27'25""E",6
17,Bu Wiwin,RO,"7°45'56""S","110°27'26""E",7
17,Sondez,RO,"7°45'56""S","110°27'28""E",8
17,Tk wahyu,RO,"7°45'41""S","110°27'34""E",9
17,Surya jaya,R,-7.734944,110.343858,10
17,oki,RO,"7°45'43""S","110°27'20""E",11
17,Ella,RO,"7°45'41""S","110°27'22""E",12
17,kranggan,R,"7°45'40""S","110°27'24""E",13
17,Didik,R,"7°45'37""S","110°27'24""E",14
17,Muryani,R,"7°45'35""S","110°26'59""E",15
17,fatim,R,"7°45'30""S","110°27'21""E",16
17,Etik,R,"7°45'15""S","110°27'20""E",17
17,Sunardi,R,"7°45'00""S","110°27'53""E",18
17,SRC novi,R,"7°45'11""S","110°27'50""E",19
17,pak sri,R,,,20
17,Adip ilham,RO,,,21
17,Isa,RO,"7°46'30""S","110°27'22""E",22
17,SUHARTO,,,,23
18,Reyhan Mart,R,"7°44'42""S","110°28'17""E",1
18,Tama,R,"7°44'50""S","110°28'20""E",2
18,Sam jaya,R,"7°44'53""S","110°28'24""E",3
18,Anggi,R,"7°45'10""S","110°27'55""E",4
18,Damar,R,"7°45'13""S","110°28'15""E",5
18,Mandiri Bola,R,"7°45'16""S","110°28'15""E",6
18,Dinar,R,"7°45'17""S","110°28'17""E",7
18,Surat,R,"7°45'22""S","110°28'16""E",8
18,Dika,R,"7°45'25""S","110°28'15""E",9
18,SRC berkah,R,"7°45'28""S","110°28'23""E",10
18,Joko,R,"7°45'24""S","110°27'52""E",11
18,Jaelani,R,"7°45'34""S","110°28'14""E",12
18,Anisa,R,"7°45'43""S","110°28'07""E",13
18,Bu wahyu,R,"7°45'45""S","110°28'05""E",14
18,Bu win,R,"7°45'44""S","110°28'04""E",15
18,Sugiati,R,"7°45'46""S","110°28'06""E",16
18,Sukirman,R,"7°45'45""S","110°28'13""E",17
18,bu Marti,RO,"7°45'45""S","110°27'53""E",18
18,Lestari,RO,"7°45'46""S","110°28'13""E",19
18,Bening cahaya,R,"7°45'48""S","110°28'12""E",20
18,Tiki,R,"7°45'50""S","110°28'12""E",21
18,GE Cell,RO,"7°46'04""S","110°28'33""E",22
18,Rangga,R,"7°46'06""S","110°28'01""E",23
18,kembar,R,"7°46'09""S","110°28'05""E",24
18,Sigit,R,"7°46'13""S","110°27'51""E",25
18,Novi,R,"7°46'11""S","110°27'50""E",26
18,Idjo,RO,"7°44'59""S","110°27'49""E",27
18,Alya,RO,"7°44'59""S","110°28'23""E",28
18,Gito,RO,-7.72654,110.49906,29
18,Barokah mart,IO,,,30
18,sari,,"7°45'17""S","110°28'36""E",31
18,Tinem,IO,,,32
18,Reni jaya,IO,,,33
18,Pendy,R,,,34
18,Sunardi,RO,,,35
18,Nasya,,,,36
18,bu giyatmi,,,,37
18,mbk miyanti,,,,38
18,mbk wik,,,,39
18,wr ata,,,,40
18,berkah,,,,41
19,Sumarjono,R,-7.775343,110.465891,1
19,HDS,R,"7°46'40""S","110°27'50""E",2
19,Bu jam,R,"7°46'37""S","110°27'53""E",3
19,Mba Vera,R,"7°46'48""S","110°27'50""E",4
19,Suparni,R,"7°46'45""S","110°27'51""E",5
19,Sembako 99,R,-7.788254,110.450893,6
19,Sage Jaya,R,"7°47'03""S","110°27'44""E",7
19,Aldiva,R,"7°47'17""S","110°27'50""E",8
19,Bu yani,R,-7.793877,110.439406,9
19,Daliman,R,"7°47'12""S","110°27'28""E",10
19,tk Tari,RO,-7.787667,110.460584,11
19,Citra,R,"7°47'23""S","110°27'47""E",12
19,Nisa,R,,,13
19,Danik,RO,-7.785298,110.448386,14
19,Madura,R,"7°47'11""S","110°26'51""E",15
19,pak solikin,R,"7°47'09""S","110°26'59""E",16
19,Bu surati,R,"7°47'08""S","110°26'47""E",17
19,Madani mart,R,-7.786908,110.449127,18
19,Tk Agus,R,,,19
19,Rio,R,"7°47'18""S","110°26'53""E",20
19,He Mart,RO,-7.788511,110.451089,21
19,Indah,R,,,22
19,Bu Ari,R,"7°47'23""S","110°27'03""E",23
19,Budi,R,,,24
19,Raffi,R,-7.792621,110.445954,25
19,Mba Lis,RO,-7.79304,110.458606,26
19,Sauna,R,,,27
19,Jox C,R,-7.794707,110.457856,28
19,Sri Mulyo,R,,,29
19,Pak Kasur,R,,,30
19,Kemara,RO,-7.794568,110.441198,31
19,Pak Kelik,R,-7.794662,110.443997,32
19,harun,R,"7°47'56""S","110°26'36""E",33
19,Dania,R,"7°47'57""S","110°26'42""E",34
19,Kuni,R,"7°48'02""S","110°26'29""E",35
19,Kholifah,RO,-7.80232,110.445348,36
19,Bu Arum,R,,,37
19,Barokah,R,-7.792574,110.445948,38
19,Anis,R,,,39
19,Susiawan,R,,,40
19,Florent,RO,-7.796841,110.448648,41
19,Bu Nur,R,-7.788559,110.452183,42
19,Watik,R,,,43
19,Aisah,,-7.795646,110.465132,44
19,Irah,RO,-7.78202,110.466742,45
19,Bugis,R,-7.798061,110.440977,46
19,Erna,RO,-7.788971,110.452284,47
20,Tk Pojok,R,"7°46'07""S","110°28'17""E",1
20,Wr Satriakar,R,"7°46'06""S","110°28'22""E",2
20,Tk Joko,R,"7°46'11""S","110°28'12""E",3
20,Bu tarti,R,"7°46'23""S","110°28'13""E",4
20,Parjo,R,"7°46'21""S","110°28'20""E",5
20,Siantar,R,"7°46'23""S","110°28'14""E",6
20,Bu siti,R,-7.777285,110.489153,7
20,Baraka / barokah,R,"7°46'28""S","110°28'18""E",8
20,kamila,R,"7°46'26""S","110°28'17""E",9
20,Kios kita,R,,,10
20,kurnia,R,-7.77762,110.474261,11
20,rita,R,,,12
20,Wr Tukiyem,R,"7°46'47""S","110°28'01""E",13
20,Dewa,R,"7°46'19""S","110°29'09""E",14
20,Tk Sukses,R,,,15
20,Tk Arjuna,R,,,16
20,Pak marjo,R,,,17
20,Bu Atun,RO,,,18
20,Zaqi,R,,,19
20,Laris Abadi,RO,-7.779272,110.483371,20
20,Tiara,R,"7°46'55""S","110°28'38""E",21
20,Isna,R,-7.741747,110.349572,22
20,berkah Sembako,R,-7.780912,110.487206,23
20,Tk can,R,"7°47'25""S","110°28'22""E",24
20,Ega,R,"7°47'20""S","110°28'26""E",25
20,Bu Emi,R,"7°47'25""S","110°28'24""E",26
20,Bu Ing,R,"7°47'26""S","110°28'27""E",27
20,Tk Barokah,R,"7°47'34""S","110°28'08""E",28
20,Haryono,R,"7°47'39""S","110°28'12""E",29
20,Tikungan watu ngadek,R,"7°48'35""S","110°27'44""E",30
20,Navila,R,"7°48'50""S","110°28'48""E",31
20,Bu In,R,"7°48'35""S","110°29'46""E",32
20,Bu Warno,RO,"7°47'35""S","110°28'54""E",33
20,Sego wader,R,"7°47'47""S","110°29'00""E",34
20,Waryanti,R,,,35
20,Kedai Jus Etan,RO,-7.794705,110.494051,36
20,Parjilah,R,"7°47'49""S","110°29'37""E",37
20,ferlia,R,-7.797552,110.491154,38
20,Adha,RO,-7.801377,110.501272,39
20,Sri widayati,R,-7.800815,110.505082,40
20,Sukadi,R,-7.799561,110.496394,41
20,Sapto,RO,-7.799053,110.493683,42
20,Asyifa,R,-7.805033,110.492464,43
20,Suradi,R,-7.793927,110.494059,44
20,Sugito,R,-7.793165,110.494104,45
20,Putra mandiri,IO,-7.793371,110.483134,46
20,Siti,IO,-7.777662,110.482525,47
20,Sinar barokah,R,-7.783885,110.482672,48
20,Opak mart,R,-7.779508,110.475458,49
20,Muryani,R,-7.776976,110.489015,50
20,Kris,R,-7.777534,110.469827,51
20,Untari,R,-7.806332,110.492195,52
20,Mks,R,-7.801377,110.501262,53
20,Baneno,R,-7.800276,110.499296,54
20,Indah,R,-7.786961,110.482714,55
20,Zaqi xell,R,-7.777153,110.491263,56
21,Adira,RO,-7.814693,110.472667,1
21,Pak Slamet,R,,,2
21,Bu ida,R,-7.815999,110.471923,3
21,Tanjung,R,,,4
21,Farid,R,,,5
21,Pak Mardi,RO,-7.820021,110.464669,6
21,Mas edi,RO,-7.823445,110.475042,7
21,Endang,R,,,8
21,Al Barokah Nizar 2,R,,,9
21,Budi Moplas,R,,,10
21,Ngatijo,R,-7.83303,110.475198,11
21,Jumiyo,R,,,12
21,Bu Ayu,R,,,13
21,Rahmat,R,,,14
21,Sumber Barokah,RO,-7.831077,110.458854,15
21,Putri Dania,R,-7.823787,110.477185,16
21,Kholifah,RO,-7.829179,110.453902,17
21,lia,R,-7.827846,110.455075,18
21,Wanti,R,-7.826715,110.454753,19
21,DD,R,,,20
21,Samodro,R,-7.825781,110.457791,21
21,Agung,R,-7.715807,110.344272,22
21,Erna,RO,,,23
21,Bang Ziho,RO,-7.813761,110.472087,24
21,Wk,R,-7.829202,110.4541,25
21,Bismilah berkah,R,-7.831577,110.462122,26
21,Kejujuran,R,-7.822722,110.454858,27
21,Idealip,R,-7.836399,110.471862,28
21,Pak amin,R,-7.837271,110.473888,29
21,Aneka,R,-7.837372,110.47434,30
21,Win mart,R,-7.827501,110.476378,31
21,Ana,IO,-7.828961,110.471593,32
21,Sobat,IO,-7.830313,110.469555,33
21,Rasya,R,-7.831359,110.469277,34
21,Nanik,R,-7.827666,110.469976,35
21,Gigih,IO,-7.824674,110.472493,36
21,Asha,RO,-7.815593,110.478402,37
22,Gotri,R,-7.83501,110.44217,1
22,Ismail,R,,,2
22,Bu Ning,RO,-7.815987,110.442948,3
22,Sultan Jaya,RO,-7.814836,110.442887,4
22,Candi jaya,R,-7.818983,110.442796,5
22,Yuli pendem,RO,-7.820432,110.448478,6
22,Bu Supar,R,-7.825923,110.448779,7
22,Fina,RO,-7.826366,110.449587,8
22,KK,RO,-7.827514,110.442497,9
22,Agha sembako,R,-7.804711,110.444436,10
22,Helmia,R,-7.804638,110.44019,11
22,Zulfan,R,-7.808659,110.437825,12
22,Ijo,R,-7.809439,110.437661,13
22,Aldo,R,-7.812384,110.438562,14
22,Jian,R,-7.816259,110.434434,15
22,Faizah,R,-7.819137,110.43104,16
22,Yanti 58,R,-7.820506,110.429526,17
22,Agus,R,-7.823169,110.426852,18
22,Ope,R,-7.823513,110.426927,19
22,Naura,R,-7.823726,110.429807,20
22,Lestari,R,-7.82293,110.430011,21
22,Sugiyanto,R,-7.821552,110.435549,22
22,Hadi,R,-7.824879,110.430065,23
22,Bwrkah,R,-7.826792,110.434391,24
22,Pojok,R,-7.827451,110.438328,25
22,Pojok asih,R,-7.810421,110.451841,26
22,Naura,R,-7.810996,110.451636,27
22,Aris,R,-7.817263,110.455474,28
22,Broto,R,-7.81588,110.457896,29
22,Zuro,R,-7.813381,110.452028,30
22,Iskandar berkah,IO,-7.80533,110.451771,31
22,Tiara,IO,-7.804196,110.439503,32
22,Hasanah mart,IO,-7.827268,110.435542,33
22,Titin,IO,-7.805238,110.439646,34
23,Bu Mardinah,R,"7°47'58""S","110°24'42""E",1
23,Tk Alif,,-7.802661,110.411128,2
23,Rama Mart 5,,-7.800966,110.411826,3
23,Dhe Sar,R,"7°48'12""S","110°24'44""E",4
23,Ariefah,R,"7°48'21""S","110°24'44""E",5
23,Al Barokah,RO,-7.802751,110.415848,6
23,Aji,R,"7°48'40""S","110°24'40""E",7
23,Tarno,RO,"7°48'27""S","110°25'00""E",8
23,Eyang Putri,R,"7°48'29""S","110°25'06""E",9
23,Iwan,R,"7°48'35""S","110°25'05""E",10
23,Aulia,R,"7°48'34""S","110°25'06""E",11
23,Lutfi,R,-7.811218,110.414775,12
23,Eni,R,"7°48'46""S","110°24'54""E",13
23,Wawan,R,"7°48'54""S","110°25'00""E",14
23,Puspandi,R,"7°49'04""S","110°24'58""E",15
23,Madura,R,-7.798718,110.412296,16
23,Tefa,R,-7.798625,110.413426,17
23,Andi,R,-7.798622,110.413427,18
23,Barokah,R,-7.800217,110.416482,19
23,Laris,R,-7.802721,110.4131,20
23,Subardiman,R,-7.802688,110.41215,21
23,Agus,R,-7.801052,110.412338,22
23,Marto,R,-7.802406,110.412656,23
23,Sumber beras,R,-7.803162,110.412363,24
23,Putra budi,R,-7.805253,110.415437,25
23,Bandi,IO,-7.808338,110.411915,26
24,Rama Mart 4,,"7°47'04""S","110°24'06""E",1
24,Barokah,,"7°47'05""S","110°23'53""E",2
24,Zidane,,,,3
24,Muhfia,,"7°47'12""S","110°23'59""E",4
24,Supriati,,"7°47'16""S","110°24'03""E",5
24,Ratu Balqis,,"7°47'01""S","110°24'00""E",6
24,Nadine,,-7.78591,110.409938,7
24,Arkana,,-7.759494,110.320511,8
24,ABC,,"7°47'21""S","110°24'17""E",9
24,BArokah,,"7°47'34""S","110°24'06""E",10
24,Zaki,,"7°47'38""S","110°24'17""E",11
24,keneki,,"7°47'42""S","110°24'04""E",12
24,Merapi,,-7.802517,110.408176,13
24,Ida,,-7.795023,110.401224,14
24,Pojok Babadan,,"7°47'46""S","110°24'03""E",15
24,ART tembakau,,"7°47'11""S","110°25'08""E",16
24,Pojok Agus,RO,-7.784915,110.418602,17
24,Mamung Agung,RO,-7.784436,110.417967,18
24,Amin,,"7°47'07""S","110°24'59""E",19
24,Hidayah,,"7°47'07""S","110°23'59""E",20
24,Faiz,,"7°47'41""S","110°23'54""E",21
24,Bu nur,,"7°47'11""S","110°25'03""E",22
24,Alsa,,"7°48'19""S","110°25'38""E",23
24,Lancar Jaya,,"7°48'15""S","110°25'28""E",24
24,Tama,,"7°47'07""S","110°24'36""E",25
25,Toko siti,,,,1
25,Toko Sarwiji,,,,2
25,Toko biaz mart,,,,3
25,Toko Puja kusuma,,,,4
25,Toko Karyadi,,,,5
25,Toko Asnawi,,,,6
25,Toko restu ibu,,,,7
25,Toko parman,,,,8
25,Toko Amanda,,,,9
25,Toko lestari,,,,10
25,Antika Mart,,,,11
25,Toko suparmiyati,,,,12
25,Via wijaya,,,,13
25,Ari,,,,14
26,Toko nenden,,,,1
26,Toko fortuna�,,,,2
26,Toko Wiwoho,,,,3
26,Toko simanjutak 97,,,,4
26,Toko supiyati,,,,5
26,Toko shinta,,,,6
26,Toko Ubaidillah,,,,7
26,Toko Istiqomah,,,,8
26,Toko Bekti,,,,9
26,Toko Jajanan cell,,,,10
26,Toko ponira,,,,11
26,Toko Rara cell,,,,12
26,Toko sumaryanto,,,,13
26,Toko heri,,,,14
26,Toko Supardi,,,,15
26,Toko ijo,,,,16
26,Soim,,,,17
26,Toko leo,,,,18
26,tk 19,,,,19
26,mitra cell,,,,20
26,mutiara,,,,21
26,yanto,,,,22
26,pak agus,,,,23
26,edy,,,,24
27,Toko Restu ibu 2,,,,1
27,Toko kuncen jaya,,,,2
27,Toko Remujung,,,,3
27,Toko marcopolo,,,,4
27,Toko budikarya,,,,5
27,Toko Jagat,,,,6
27,Toko Dolano,,,,7
27,Toko berkah shofia,,,,8
27,Toko 289,,,,9
27,Toko Bu Rita,,,,10
27,Toko safana,,,,11
27,Toko anum 3,,,,12
27,Toko Ngaderi,,,,13
27,Toko umar,,,,14
27,Toko firman,,,,15
27,Toko Nunung,,,,16
27,Toko untung,,,,17
27,Toko karunia,,,,18
27,Toko Dalyadi,,,,19
27,Toko pak bin,,,,20
27,Toko budi,,,,21
27,Toko wikan,,,,22
27,Toko Wandi,,,,23
27,Toko bu mur,,,,24
27,Toko rian,,,,25
27,Toko Tita jaya,,,,26
27,Toko migunani,,,,27
27,Toko Tari,,,,28
27,Toko Rini,,,,29
27,barokah,,,,30
27,madura,,,,31
27,eli,,,,32
27,restu ibu 1,,,,33
27,remujung,,,,34
27,kembar,,,,35
27,riro,,,,36
28,Toko Sedulur�,,,,1
28,Toko Sinar Barokah,,,,2
28,Toko pojok,,,,3
28,Toko srikaton,,,,4
28,Toko 62�,,,,5
28,Toko hidup,,,,6
28,Tomo wiji,,,,7
28,Toko marman,,,,8
28,Toko bu sri,,,,9
28,Toko SPM,,,,10
28,Toko Agus,,,,11
28,Toko sinar jaya,,,,12
28,Toko berkah jaya,,,,13
28,Toko Gama cell,,,,14
28,Toko erey,,,,15
28,Toko sariwangi,,,,16
28,kurnia,,,,17
28,Toko sana cell,,,,18
28,Toko modang jaya,,,,19
28,Toko Rajawali,,,,20
28,Toko mario,,,,21
28,Toko Soi,,,,22
28,Toko Anugrah,,,,23
28,Toko tama,,,,24
28,Toko Rama jaya 3,,,,25
28,Toko sumber sempurna,,,,26
28,Toko Pak eko,,,,27
28,Toko 46,,,,28
28,Toko Paidi,,,,29
28,KOPEKA,,,,30
28,Toko surya inindah,,,,31
28,Toko Anton,,,,32
28,jago,,,,33
28,dharma tirta,,,,34
28,hengky,,,,35
28,fera,,,,36
28,asli,,,,37
28,asifa,,,,38
28,waserda54,,,,39
28,sari binangun,,,,40
28,rama 6,,,,41
28,anam,,,,42
28,sudarman,,,,43
28,sri rejeki,,,,44
28,sufyan,,,,45
28,mangun,,,,46
28,mujiman,,,,47
28,tama cell,,,,48
28,burhan,,,,49
28,fina,,,,50
28,riski,,,,51
28,bu war,,,,52
28,alfa jaya,,,,53
28,fahril,,,,54
28,barokah,,,,55
28,riska ,,,,56
28,pojok,,,,57
29,Toko mimi,,,,1
29,Toko indo aban,,,,2
29,Toko selin,,,,3
29,Toko Silah,,,,4
29,Tk Syifais,,,,5
29,Toko Pojok,,,,6
29,Toko Bintang laundri,,,,7
29,Toko Cimok,,,,8
29,Toko SM,,,,9
29,Toko Lestari,,,,10
29,Toko kelik,,,,11
29,Toko Kartika,,,,12
29,Toko Astuti,,,,13
29,Toko windy madura,,,,14
29,Toko damai,,,,15
29,Toko al faruq,,,,16
29,Toko akbar,,,,17
29,Toko Dewi,,,,18
29,Toko pakde,,,,19
29,Toko vie cell,,,,20
29,Toko atun,,,,21
29,Toko suci,,,,22
29,Toko Anwar 2,,,,23
29,Toko andra,,,,24
29,Toko Mayo,,,,25
29,Toko rizky,,,,26
30,Sumarjo,,,,1
30,Rizky,,,,2
30,Toko 45,,,,3
30,Atira 2,,,,4
30,Bu yani,,,,5
30,Sekarbima,,,,6
30,Sumber rezeki,,,,7
30,Delima,,,,8
30,Bima sakti Tobecco,,,,9
30,Toko Rizki,,,,10
30,Jaelani,,,,11
30,Teh yuli,,,,12
30,Toko Rama,,,,13
30,Ruri,,,,14
30,Bu rika,,,,15
30,Al Kausar,,,,16
30,Borneo Jaya,,,,17
30,Pengok Jaya,,,,18
30,Kurnia,,,,19
30,Jihan,,,,20
30,Fauzy,,,,21
30,Rizal,,,,22
30,Jumadi,,,,23
30,Mandala,,,,24
30,Anjar,,,,25
30,Toko aisyah,,,,26
30,Mak pon,,,,27
30,Siti,,,,28
30,Toko Anugrah,,,,29
30,Toko Raihan ( MT ),,,,30
30,Toko Athira�,,,,31
30,Toko sapen Mart,,,,32
30,Toko Rahmad,,,,33
30,Toko hadir�,,,,34
30,Toko wahyu,,,,35
30,Toko Verena,,,,36
30,Toko Luna,,,,37
30,Toko Endang�,,,,38
30,Toko arini,,,,39
30,Toko anik,,,,40
30,Toko parti,,,,41
30,yuli,,,,42
30,risti,,,,43
30,rika,,,,44
30,dewi ,,,,45
30,tolak faizin,,,,46
30,endro,,,,47
30,yudi,,,,48
30,ry saputra,,,,49
30,hadi,,,,50
30,pilutas,,,,51
30,tk 89,,,,52
30,nurul ,,,,53
30,kembar,,,,54
30,pantes baru,,,,55
30,adil jaya,,,,56
30,abi,,,,57
30,srikandi,,,,58
31,Toko mbak lis,,,,1
31,Toko widya usaha,,,,2
31,Aurel 4,,,,3
31,Toko Sajari,,,,4
31,Toko berkah rahayu,,,,5
31,Toko safira,,,,6
31,Toko Dua Putri,,,,7
31,Toko 69,,,,8
31,Toko burhan,,,,9
31,Toko Tari,,,,10
31,Toko prapanca,,,,11
31,Toko guntur syifa,,,,12
31,Toko arif,,,,13
31,Toko Al Rahman,,,,14
31,Toko Maulana Jaya,,,,15
31,Toko taman Sari,,,,16
31,Toko bu partinah,,,,17
31,Toko ramaayang,,,,18
31,Warung 85,,,,19
31,Surya abadi,,,,20
31,Toko Al Madid,,,,21
31,Toko weny,,,,22
31,Toko Dahlan,,,,23
31,harti,,,,24
31,darno,,,,25
31,candra,,,,26
31,wiyos,,,,27
31,lestari,,,,28
31,bu wiyono,,,,29
31,muji,,,,30
31,rama mart 5,,,,31
31,rika,,,,32
31,angk mba win,,,,33
31,irawan,,,,34
31,almadid 2,,,,35
31,alrahman,,,,36
31,rinjani,,,,37
31,bangun,,,,38
31,jaya,,,,39
31,kita cell,,,,40
31,hastiyah,,,,41
31,budi,,,,42
31,linmi,,,,43
31,suharti,,,,44
31,rama jaya 4,,,,45
31,mini mart,,,,46
31,bu is,,,,47
31,lestari,,,,48
31,tk 11,,,,49
31,tk 40,,,,50
31,rama 1,,,,51
31,bu harjo,,,,52
31,dariman,,,,53
31,rama jaya 8,,,,54
31,sonar,,,,55
32,Toko kandar,,,,1
32,Toko Mitra Karya,,,,2
32,Toko bu atun,,,,3
32,Toko Lia,,,,4
32,Toko Nugroho,,,,5
32,Toko winarti,,,,6
32,Toko Barokkah Mart,,,,7
32,Toko Nabila,,,,8
32,Toko Leo 4b,,,,9
32,Toko Barokah 99,,,,10
32,Toko Manggarai,,,,11
32,Toko Kamto,,,,12
32,Toko Rizky ruqi,,,,13
32,Toko Athira,,,,14
32,Toko Rasty,,,,15
32,Toko Ayu,,,,16
32,Toko MYM,,,,17
32,Toko Kandar,,,,18
32,SRC Delima,,,,19
32,Toko putra pojok jaya,,,,20
32,Toko tolak faizin,,,,21
32,Happy dafa 2,,,,22
32,Toko Silva,,,,23
32,Toko 99,,,,24
32,Toko Jamila mart 3,,,,25
32,Toko Prasetyo,,,,26
32,Toko Sumber rizky,,,,27
32,Toko adirasa,,,,28
32,Toko kalimanis,,,,29
32,Toko barokah,,,,30
32,Toko sofia,,,,31
32,Toko nuryati,,,,32
32,Toko nurul fajri,,,,33
32,Toko kios cilik,,,,34
32,Toko azam,,,,35
32,Toko barokah,,,,36
32,Toko DK,,,,37
32,Toko Zaini,,,,38
32,Toko Harjono,,,,39
32,Toko asijo,,,,40
32,Toko Ani,,,,41
32,Toko wijaya,,,,42
32,Toko Garda,,,,43
32,Toko Suwarno,,,,44
32,Toko Biru,,,,45
32,Toko Milah,,,,46
32,Pagi hari Cell,,,,47
32,anda cell,,,,48
32,marto,,,,49
32,tk 91,,,,50
32,kamto,,,,51
32,petrus,,,,52
32,barokah madura,,,,53
32,lia,,,,54
32,alifah,,,,55
32,soponyono,,,,56
32,ika cell,,,,57
32,madura,,,,58
32,rejeki abadi,,,,59
32,barokah 2,,,,60
32,putra pojur jaya,,,,61
32,putra faiz barokah,,,,62
32,podo rukun,,,,63
33,Toko barokah 3,,,,1
33,Toko bu Siti,,,,2
33,Toko Dilan 1,,,,3
33,Toko Nikimura,,,,4
33,Toko ACS,,,,5
33,Toko bu siti,,,,6
33,Indah sembako,,,,7
33,Toko Darno,,,,8
33,Toko D'Joyos,,,,9
33,Toko Sekawan,,,,10
33,Toko Nafa,,,,11
33,Toko Iskandar,,,,12
33,Toko Zeera,,,,13
33,Toko Milik kita,,,,14
33,Toko Rosyid,,,,15
33,Toko Iskandar 2,,,,16
33,Toko Basuki,,,,17
33,Toko Daud,,,,18
33,Warung mamake / amin,,,,19
33,Toko 46,,,,20
33,Toko dalwan,,,,21
33,Toko Pujo Mulyono,,,,22
33,Toko brica,,,,23
33,Toko prima sehat,,,,24
33,Toko putra fais barokah,,,,25
33,Toko karunia,,,,26
33,Toko libra,,,,27
33,Damar Wulan,,,,28
33,Figo,,,,29
33,bu jami,,,,30
33,yayan,,,,31
33,olive,,,,32
33,beca,,,,33
33,amin,,,,34
33,tami,,,,35
33,karunia,,,,36
33,dilan 2,,,,37
33,rejeki abadi,,,,38
33,milik kita,,,,39
34,Mbako 88,,,,1
34,Toko Bu suti,,,,2
34,Toko guntur syifa 2,,,,3
34,Toko Fatmah,,,,4
34,Toko puas,,,,5
34,Toko Bu tatik,,,,6
34,Toko bu arum,,,,7
34,Toko istijaya,,,,8
34,Warung Yani,,,,9
34,Harmony minimarket,,,,10
34,Toko Rama Jaya 5,,,,11
34,Toko irma,,,,12
34,Toko S.rahman,,,,13
34,Toko esti,,,,14
34,Toko Pojok A5,,,,15
34,Barokah,,,,16
34,Toko fani,,,,17
34,Toko joyo,,,,18
34,Toko Suharno 2,,,,19
34,Toko Sudaryanto,,,,20
34,Toko bu Ida,,,,21
34,Toko sinmi,,,,22
34,Anugrah,,,,23
34,yana,,,,24
34,darmo,,,,25
34,puas,,,,26
34,halima,,,,27
34,bani,,,,28
34,barokah madura,,,,29
34,shonar,,,,30
35,Toko cahaya pesan,,,,1
35,Toko fitri,,,,2
35,Toko Pawiro,,,,3
35,Toko Zuhra,,,,4
35,Toko sumber jaya,,,,5
35,Toko Restu Ibu,,,,6
35,Toko WARKO,,,,7
35,Toko shonar,,,,8
35,Rizky makmur,,,,9
35,Toko Tukiman,,,,10
35,Toko Linmy madura,,,,11
35,Toko Suharno 1,,,,12
35,Toko Tami,,,,13
35,Toko Dirjo,,,,14
35,Toko Madura muhamad halik,,,,15
35,Toko SRC Pak Tri,,,,16
35,Toko Anwar 1,,,,17
35,Toko Sari,,,,18
35,Toko mutiara pesan,,,,19
35,Toko Hita,,,,20
35,Toko 99,,,,21
35,Toko arba,,,,22
35,Warung ery,,,,23
35,Toko Hasanah,,,,24
35,Warung Madura,,,,25
35,Warung rahayu,,,,26
35,Warung pesan jaya Madura,,,,27
35,Toko iwan,,,,28
35,Toko cantika,,,,29
35,Warung sembako berkat ilahi,,,,30
35,Cahaya baru,,,,31
35,mbak win,,,,32
35,praktis,,,,33
35,tk 89,,,,34
36,Toko Nur rofid,,,,1
36,Rokhmi,,,,2
36,Al barokah,,,,3
36,Ar rohman,,,,4
36,Al fahri,,,,5
36,Bu atun,,,,6
36,Toko Berkat,,,,7
36,Toko Soleh,,,,8
36,Toko Tanti,,,,9
36,Toko Isna,,,,10
36,Toko fahmi,,,,11
36,Toko Naya Cell,,,,12
36,Toko Aurel 1,,,,13
36,Toko Nanda,,,,14
36,Toko wasmi,,,,15
36,Toko Sumadi,,,,16
36,Toko barokah 3,,,,17
36,Toko Yamtinah,,,,18
36,Toko bu erwe,,,,19
36,Toko Bu Nur,,,,20
36,Toko surono,,,,21
36,Toko Al- barokah,,,,22
36,Toko widodo,,,,23
36,Toko madina,,,,24
36,Toko gatot,,,,25
36,Toko Rizki,,,,26
36,Toko pojok 89,,,,27
36,Toko devi,,,,28
36,Toko ebes,,,,29
36,Toko familly,,,,30
36,Toko bu puji,,,,31
36,Toko dosis,,,,32
36,Toko No bond cell,,,,33
36,murtini,,,,34
36,dafa,,,,35
36,fitri,,,,36
36,tk 53,,,,37
36,dini,,,,38
36,panorama,,,,39
36,adijaya 1,,,,40
36,bunda yani 2,,,,41
36,harapan jaya,,,,42
36,santri mart,,,,43
36,albarokah 2,,,,44
36,pojok,,,,45
36,bu sis,,,,46
36,darno,,,,47
36,devi,,,,48
36,rr kios,,,,49
36,mini mart,,,,50
36,rahayu,,,,51
36,harti,,,,52
36,pakde menot,,,,53
36,berkah jaya,,,,54
36,putra sa,,,,55
